﻿Name,Assign,Propósito,Proyecto,Revisión,Status,Tags,Tipo de Producto,URL
Pain/Gain Map,"Jorge Guerrero Díaz, Arisbeth Aguirre Pontaza, Fabián Enrique Avilés Cortés, Ricardo Nuñez Alanis, Cristian Rico, Emiliano Vásquez Olea, Andres, Olivia Araceli Morales Quezada",Mapa con el propósito de identificar los puntos negativos de su proceso actual para cada tipo de usuario y análisis de como la solución elimina dichos puntos y genera valor.,Deltalin,,Done,Maps,,
Impact Mapping,"Jorge Guerrero Díaz, Arisbeth Aguirre Pontaza, Fabián Enrique Avilés Cortés, Ricardo Nuñez Alanis, Cristian Rico, Emiliano Vásquez Olea, Andres, Olivia Araceli Morales Quezada","El Impact Mapping nos permite analizar quiénes son los actores involucrados en la necesidad, qué acciones llevan a cabo y nosotros como equipo de desarrollo establecemos un objetivo y los puntos a “atacar”.",Deltalin,,Done,Maps,,
Módulos,"Jorge Guerrero Díaz, Arisbeth Aguirre Pontaza, Fabián Enrique Avilés Cortés, Ricardo Nuñez Alanis, Cristian Rico, Emiliano Vásquez Olea, Andres, Olivia Araceli Morales Quezada","Módulos a desarrollar que buscan solventar la necesidad del cliente. También se incluye un MoSCoW Chart, primera priorización de módulos, alcance y el MVP",Deltalin,,Done,Maps,,
Diagrama de Arquitectura,Emiliano Vásquez Olea,"Propuestas actuales de tecnologías a utilizar en el desarrollo del proyecto de Michelín. Aún se requieren más componentes.
• Unity
• React
• Tailwind CSS
• Fastify
• mySQL 
Control de Versiones:
• GitHub
• Plastic SCM???",Deltalin,,Done,Maps,,
Prototipo Web,"Arisbeth Aguirre Pontaza, Olivia Araceli Morales Quezada, Jorge Guerrero Díaz","Prototipo en Web, que cubre las pantallas de Login, Administracion de Usuarios y Puntos de Venta y Preguntas",Deltalin,,Done,Diseños,,
Prototipo Móvil,Ricardo Nuñez Alanis,"Propuestas del diseño movil en figma, donde se ven las patañas de log in, seleccion de recorrido, exterior, interior y partes del cuestionario",Deltalin,,Done,Diseños,,
SPRINTS,"Jorge Guerrero Díaz, Arisbeth Aguirre Pontaza",,Deltalin,,Review,,,
MER,"Emiliano Vásquez Olea, Ricardo Nuñez Alanis, Andres, Fabián Enrique Avilés Cortés, Cristian Rico",,Deltalin,,Done,"Fase: Diseño, Maps",ERM,
Definición de CU (Story),,,Deltalin,,Review,Docs,,
Diccionario de Datos,"Cristian Rico, Andres, Fabián Enrique Avilés Cortés",,Deltalin,,Done,,Data Dictionary,
Plan de Pruebas RAM,"Ian García González, Kenny Eduard Vercaemer González, Erick Alfredo García Huerta",Especifica las pruebas que de le harán al sistema.,RAM,Jordana Betancourt Menchaca,Review,"Docs, Fase: Diseño",,https://docs.google.com/document/d/13Ub3k908YH7pWSOpf6mqaAesZNet_VYGvESK7Xjj7uE/edit?usp=sharing
Propuesta para el Systems Engineering Management Plan,"Monica Ayala, Olivia Araceli Morales Quezada",Propuesta para el SEMP,Departamento,,Not started,Maps,Process Map,
Calendario en Google Sheets,"Monica Ayala, Olivia Araceli Morales Quezada, Rodrigo Muñoz Guerrero, Diego Emilio Barrera Hernández, Jorge Guerrero Díaz, Fabián Enrique Avilés Cortés",Planeación en Google Sheets,Departamento,,Not started,Gestión,Planeación Calendario,
Manual de arquitectura,Emiliano Vásquez Olea,Ubicado en principal de Michelin,Deltalin,,Not started,,,
Especificación de Interfaces de la Arquitectura,Kenny Eduard Vercaemer González,,,,Not started,,,
Actualizar Process Map,"Kenny Eduard Vercaemer González, Monica Ayala, Jordana Betancourt Menchaca",Actualización constante del mapa de procesos,Departamento,,Ongoing,"Maps, Procesos",Process Map,
Formato Plan de Adquisición,"Monica Ayala, Olivia Araceli Morales Quezada, Cristian Rico",Formato si se requiere adquirir assets económicos,Departamento,,Not started,"Fase: Diseño, Formatos, Procesos",,
Draft de la guía para estimación del proyecto,"Monica Ayala, Olivia Araceli Morales Quezada, Cristian Rico",Write a useful description of the item,Departamento,"Jorge Guerrero Díaz, Cristian Rico, Olivia Araceli Morales Quezada",In progress,"Estimación, Formatos, Procesos",Formato,
Configuración Arquitectura,"Cristian Rico, Emiliano Vásquez Olea, Ricardo Nuñez Alanis",Write a useful description of the item,Deltalin,,Not started,,,
Guía de Configuración de Ambiente de Desarrollo,"Kenny Eduard Vercaemer González, Jordana Betancourt Menchaca, Ian García González",Manual de miembro de departamento; cómo configurar el ambiente de desarrollo para solución Grupo RAM,RAM,Monica Ayala,Not started,"Fase: Construcción, Guía",Guía,
Diagramas de Despliegue,Kenny Eduard Vercaemer González,Especificación de proceso de despliegue para solución Grupo RAM,RAM,Monica Ayala,Not started,Fase: Diseño,Architecture Diagram,
Presupuesto para pruebas de Arquitectura,"Kenny Eduard Vercaemer González, Rodrigo Muñoz Guerrero",Confirmar si se tiene presupuesto para ejecutar pruebas de arquitectura verdaderas con la infraestructura real,RAM,,Not started,,,
Formato Plan de Pruebas,Cristian Rico,Propuesta de contenido para el Plan de Pruebas,Departamento,"Monica Ayala, Olivia Araceli Morales Quezada, Jordana Betancourt Menchaca, Ian García González, Arisbeth Aguirre Pontaza, Jorge Guerrero Díaz",Done,"Docs, Fase: Diseño, Formatos",Formato,
Formato Estrategia de Desarrollo,Cristian Rico,Formato para la estrategia de desarrollo de un proyecto,Departamento,Monica Ayala,Done,"Docs, Fase: Análisis, Gestión",Formato,https://docs.google.com/document/d/1XNUy4WQy5p6Ml8u4I3aYsCHv4fLtVNf7B5X9RbqI-2w/edit?usp=drivesdk
Definición de Calidad,Cristian Rico,"Primera aproximación a la definición de esto, orientada a los módulos / historias de usuario del equipo",Deltalin,"Monica Ayala, Olivia Araceli Morales Quezada, Jorge Guerrero Díaz, Arisbeth Aguirre Pontaza, Ricardo Nuñez Alanis, Fabián Enrique Avilés Cortés",Done,,,
1 on 1’s Equipo RAM,Jordana Betancourt Menchaca,Recopilación de reuniones 1 on 1 con integrantes del equipo RAM,RAM,,In progress,Misc,,
Habilidades de Integrantes RAM,"Jordana Betancourt Menchaca, Reno, Ian García González, Ana Karen López Baltazar, José Ángel Rico Mendieta, Alejandro Mtz. Luna, Fermín Méndez García, Rodrigo Muñoz Guerrero, Erick Alfredo García Huerta, Diego Emilio Barrera Hernández, Kenny Eduard Vercaemer González",Captura de habilidades de integrantes del equipo RAM,RAM,,Done,Misc,Skill Map,https://docs.google.com/spreadsheets/d/1xFHs5PX02kNhiRXNv3LuX5OtFi42sEvD95QB9KKQmcI/edit#gid=0
Reglas de Negocio Grupo RAM,"Rodrigo Muñoz Guerrero, Alejandro Mtz. Luna",Descripción de reglas de negocio para productos de Grupo RAM,RAM,,Review,Fase: Análisis,Reglas de Negocio,
Knowledge Base para Grupo RAM,"Monica Ayala, Rodrigo Muñoz Guerrero, Fermín Méndez García",Este documento debe documentar todo el <<conocimiento>> que tenemos acerca del negocio y las necesidades. A partir de este documento se generan propuestas e ideas para productos.,RAM,,Ongoing,Fase: Análisis,Knowledge Base,
Plan de comunicación RAM,"Ana Karen López Baltazar, Jordana Betancourt Menchaca",Plan de comunicación RAM,RAM,Alejandro Mtz. Luna,Done,Fase: Diseño,Plan de Comunicación,
Formato Project Charter,"Olivia Araceli Morales Quezada, Monica Ayala, Cristian Rico, Ana Karen López Baltazar",Write a useful description of the item,Departamento,,Done,Formatos,Formato,
Diccionario de Datos,"Alejandro Mtz. Luna, José Ángel Rico Mendieta, Diego Emilio Barrera Hernández","Documento donde está definido el Diccionario de Datos ",RAM,,In progress,Fase: Diseño,MER,https://docs.google.com/document/d/1QKigzBeJi3-Uc_loyM5WyPP5Rmu-xKPBHVLQfX0eWVA/edit
Compromiso de horas de trabajo,"Alejandro Mtz. Luna, Rodrigo Muñoz Guerrero, José Ángel Rico Mendieta, Jordana Betancourt Menchaca, Kenny Eduard Vercaemer González, Erick Alfredo García Huerta, Ian García González, Reno, Fermín Méndez García, Diego Emilio Barrera Hernández, Ana Karen López Baltazar",Documento con concientizar sobre las horas necesarias de trabajo,RAM,Monica Ayala,Done,Acuerdos,Lectura,https://docs.google.com/document/u/1/d/1Cm_L731Q-qedDNed79F-2EhqjF3Fbp7v/edit#heading=h.gjdgxs
Módulo 10 RAM,"Jordana Betancourt Menchaca, Ian García González",,RAM,Jordana Betancourt Menchaca,Review,,,
Módulo 7 RAM,"Jordana Betancourt Menchaca, Erick Alfredo García Huerta",,,,In progress,,,
"Configuración de Github y Tecnologías ",Emiliano Vásquez Olea,Write a useful description of the item,Deltalin,,In progress,,,
Diseño de Componentes WEB,"Jorge Guerrero Díaz, Arisbeth Aguirre Pontaza",Write a useful description of the item,Deltalin,,Done,,,
Modelo Entidad-Relación,"Alejandro Mtz. Luna, José Ángel Rico Mendieta, Emiliano Vásquez Olea, Reno, Rodrigo Muñoz Guerrero, Diego Emilio Barrera Hernández",Diseño del Modelo Entidad Relación del proyecto,RAM,,Review,Fase: Diseño,MER,https://drive.google.com/file/d/1QBu9MIgf4_5zMc4ZJLQIsPbjNl3I_8Qu/view?usp=sharing
Procesos de Mejora Continua y Seguimiento,"Jorge Guerrero Díaz, Arisbeth Aguirre Pontaza","PMC del CMMI ",Deltalin,,In progress,"Formatos, Procesos",,
Acuerdo del Uso de Espacios,"Olivia Araceli Morales Quezada, Monica Ayala",Tener una negociación con los PMs del otro departamento para llegar un acuerdo sobre el uso del Salón 2001.,Departamento,,In progress,"Acuerdos, External",,
Planear Presentación Cierre de Etapa,"Olivia Araceli Morales Quezada, Mónica Andrea Ayala Marrero, Monica Ayala, Jorge Guerrero Díaz, Jordana Betancourt Menchaca",Planear la presentación para el cierre de la primera etapa.,Departamento,,In progress,"Docs, Fase: Análisis",Presentación,
Guía de Notion Departamental,"Kenny Eduard Vercaemer González, Ana Karen López Baltazar",Guía para principiantes del Notion Departamental,Departamento,,In progress,,Guía,
SRS RAM,"José Ángel Rico Mendieta, Alejandro Mtz. Luna",Documento donde se definen los Software Requirements Specification (SRS),RAM,"Jordana Betancourt Menchaca, Rodrigo Muñoz Guerrero",Review,Formatos,SRS,https://docs.google.com/document/d/1hp85FsOnveH8VG93WsLhZbQDG3BhlJIM/edit
Project Charter RAM,"Jordana Betancourt Menchaca, Ana Karen López Baltazar, Olivia Araceli Morales Quezada, Alejandro Mtz. Luna",Project Charter: Grupo de Asesores RAM,RAM,,In progress,Docs,Acta Constitutiva / Project Charter,
Módulo 9 RAM,"Jordana Betancourt Menchaca, Kenny Eduard Vercaemer González",,,,Review,,,
Diseño de Componentes Móvil,"Ricardo Nuñez Alanis, Fabián Enrique Avilés Cortés",Write a useful description of the item,Deltalin,"Jorge Guerrero Díaz, Arisbeth Aguirre Pontaza",Done,,,
Mapa de Procesos Departamentales,"Kenny Eduard Vercaemer González, Fermín Méndez García, Rodrigo Muñoz Guerrero, Jorge Guerrero Díaz",Mapa de todos los procesos y entregables del departamento.,Departamento,,Done,Procesos,Process Map,
Brainstorm para acuerdos de trabajo,Monica Ayala,Figma con ideas para acuerdos de trabajo,Departamento,,Done,Links,Figjam teamwork templates,
"Formato de propuesta de proyecto ","Monica Ayala, Ana Karen López Baltazar, Cristian Rico",Formato para firma,Departamento,,Done,"Fase: Diseño, Formatos",Acta Constitutiva / Project Charter,
Diseño de Figma,"Jordana Betancourt Menchaca, Ana Karen López Baltazar, Alejandro Mtz. Luna","Prototipo visual inicial ",RAM,,Done,"Diseños, Fase: Diseño, Links",UI Design in Figma,https://www.figma.com/file/bBoLNzlrideevYMrwQ18vl/Prototipo-RAM?node-id=0%3A1&t=m2YNhsKIyBLRAMXG-0
Formato Validación de Propuesta,"Rodrigo Muñoz Guerrero, Monica Ayala",Formato para firma de validación de propuesta,RAM,,Done,Fase: Diseño,Formato,https://docs.google.com/document/d/1wx5LKQJvUJMOdyQ2ChuB9vqvR2xJOc_bIbPTxnhueHc/edit
Formato Requisitos Funcionales,"Mónica Andrea Ayala Marrero, Rodrigo Muñoz Guerrero, Jordana Betancourt Menchaca, Olivia Araceli Morales Quezada, Alejandro Mtz. Luna",Especificación de formato para requisitos funcionales de Grupo RAM,RAM,,Done,Fase: Diseño,Formato,
"Brainstorm solución de ventas, negocios, PAI, bonos, etc. Grupo RAM","Rodrigo Muñoz Guerrero, Fermín Méndez García",,RAM,,Done,Fase: Análisis,Brainstorm,
Definición de Alcance,"Rodrigo Muñoz Guerrero, Kenny Eduard Vercaemer González",Este documento define el alcance de un proyecto sin una especificación de requerimientos detallada. Permite establecer un acuerdo inicial con el cliente para comenzar a trabajar en el diseño.,RAM,,Done,Fase: Análisis,Definición de Alcance,
Resumen de Reuniones RAM para Análisis,"Monica Ayala, Rodrigo Muñoz Guerrero, Fermín Méndez García",Resumen de información de negocio obtenida en reuniones con Grupo RAM,RAM,,Done,Fase: Análisis,Business Knowledge,
Diseño Prototipo en Figma para Página Web RAM,Jorge Guerrero Díaz,Prototipo de página web en figma para solución de Grupo RAM,RAM,,Done,Fase: Diseño,UI Design in Figma,
Repositorio de Código (monorepo),"Kenny Eduard Vercaemer González, Ian García González",Repositorio en GitHub para gestión de todo código para solución de Grupo RAM,RAM,,Done,Fase: Construcción,Repositorio,
Impact Mapping para Solución,Rodrigo Muñoz Guerrero,Figma dónde se realizó proceso de impact mapping para identificar soluciones,RAM,,Done,Fase: Análisis,Impact Mapping,https://www.figma.com/file/84B4nmkuIgJskXHJhHZYt8/IMPACT-MAPPING-RAM?node-id=0%3A1&t=8rWfo7IZOKyxZGz9-1
Requerimientos no Funcionales,"Kenny Eduard Vercaemer González, Rodrigo Muñoz Guerrero, Jordana Betancourt Menchaca, Reno","Especificación de requerimientos no funcionales para solución de Grupo RAM. Incluye rendimiento, compatibilidad, usabilidad, etc.",RAM,,Done,Fase: Diseño,NFR Spec,
Diagramas de Arquitectura,"Kenny Eduard Vercaemer González, Ian García González, Jordana Betancourt Menchaca",Diagramas de arquitectura. Se describe la arquitectura general del sistema. Se describe la arquitectura de load balancing del backend.,RAM,,Done,Fase: Diseño,Architecture Diagram,
Repositorio de código para solución de Michelin,,,Deltalin,,Done,"External, Gestión",,
Objetivos Semanales,"Jordana Betancourt Menchaca, Rodrigo Muñoz Guerrero, Reno, Ana Karen López Baltazar, Alejandro Mtz. Luna, Erick Alfredo García Huerta, Ian García González, José Ángel Rico Mendieta, Fermín Méndez García, Diego Emilio Barrera Hernández",Write a useful description of the item,RAM,,Done,Misc,Objetivos Semanales,
Formato para procesos,"Monica Ayala, Kenny Eduard Vercaemer González",Formato para la estandarización de procesos,Departamento,,Done,"Formatos, Procesos",,
SCRIPT SQL,"Andres, Fabián Enrique Avilés Cortés",Write a useful description of the item,Deltalin,,Done,,,
Capacitación técnica necesaria para departamento,"Alejandro Mtz. Luna, José Ángel Rico Mendieta","Creación de contenido y documentación de tecnologías que puedan ser usadas por el departamento para la fase de desarrollo ",RAM,,Ongoing,Docs,Guía,
WBS,"Jorge Guerrero Díaz, Arisbeth Aguirre Pontaza","WBS del proyecto Michelin jerarquizado en las fases ",Deltalin,,Review,,,
"Estandarización de documentación: Pull Requests, Issues","Alejandro Mtz. Luna, Ian García González",Write a useful description of the item,RAM,,Ongoing,Docs,Guía,
Formato Plan de Desarrollo,"Olivia Araceli Morales Quezada, Monica Ayala, Cristian Rico",Write a useful description of the item,Departamento,"Monica Ayala, Jordana Betancourt Menchaca, Ian García González, Emiliano Vásquez Olea, Jorge Guerrero Díaz, Rodrigo Muñoz Guerrero, Kenny Eduard Vercaemer González",Done,"Docs, Fase: Diseño, Formatos",Formato,
WBS Departamental,"Monica Ayala, Kenny Eduard Vercaemer González, Diego Emilio Barrera Hernández, Olivia Araceli Morales Quezada, Erick Alfredo García Huerta","Work breakdown structure basado en áreas de proceso, en constante actualizaciòn",Departamento,,Ongoing,"Maps, Procesos",Process Map,
Matriz de Trazabilidad,Andres,Write a useful description of the item,Deltalin,,Done,,,
Plan de Comunicación,Jorge Guerrero Díaz,Write a useful description of the item,Deltalin,,Done,Maps,,
Formato de Plan de Recursos,"Alejandro Mtz. Luna, Olivia Araceli Morales Quezada, Monica Ayala, Andres, Ana Karen López Baltazar, Jordana Betancourt Menchaca",Este es el formatito del Plan de Recursos c:,Departamento,"Monica Ayala, Olivia Araceli Morales Quezada",Done,Docs,Formato,https://docs.google.com/document/d/1QCW5IU9PJ2H5b7snuE3pDztd_CvQ-8jsebuPLZjsdDU/edit
Transición de PMs,Olivia Araceli Morales Quezada,"Tenemos que encontrar una forma de realizar el cambio de Rol. Tomando en cuenta la iniciativa personal y las consideraciones del departamento. ",Departamento,,Ongoing,Procesos,,
"Configuración de Github y Tecnologías ","Jordana Betancourt Menchaca, Erick Alfredo García Huerta, Ian García González, Kenny Eduard Vercaemer González",,RAM,"Ian García González, Kenny Eduard Vercaemer González",In progress,Lectura,Repositorio,
Modelo Relacional,"Alejandro Mtz. Luna, José Ángel Rico Mendieta, Diego Emilio Barrera Hernández",Write a useful description of the item,RAM,,In progress,Fase: Diseño,,
"Proceso de creación de capacitación técnica ","Alejandro Mtz. Luna, José Ángel Rico Mendieta","Generar un apoyo para mejorar las habilidades y conocimientos técnicos de los miembros del equipo acerca de las tecnologías a implementar en el proyecto ",,,Not started,,,