﻿Nombre,Estado,Hipótesis,Tags,Fecha inicio,Fecha evaluación,Grupo,Responsable(s),¿Se probó la hipótesis?
Planeación Google Sheets,Exitoso,Una planeación general semana por semana ayudará a incrementar la productividad del departamento y da claridad a todos los miembros sobre que deben de hacer.,"Monitorización, WoW","February 18, 2023","February 24, 2023",Departamento,Monica Ayala,Yes
Habilidades del Personal,En progreso,Tener un registro de las habilidades y conocimientos para ver el crecimiento del personal.,"Bienestar, Monitorización","March 6, 2023","March 17, 2023",Departamento,"Jorge Guerrero Díaz, Jordana Betancourt Menchaca",No
Retrospectiva semanal,Exitoso,"Al terminar la semana, evaluar en que se trabajo y como se trabajo para detectar fallas y buscar mejoras para que la siguiente semana sea mejor","Integración, Monitorización, No definido","March 3, 2023","March 10, 2023",Michelin,Arisbeth Aguirre Pontaza,Yes
Minutas,En progreso,"Las minutas servirán para tener claro las conclusiones de cada reunión, dar crédito por contribuciones a las personas correspondientes, registrar información fundamental.","Documentación, No definido","March 13, 2023","March 17, 2023",Departamento,Erick Alfredo García Huerta,No
One on One,En progreso,Este tipo de entrevistas ayudarán a mejorar la confianza y desempeño entre miembros de equipo.,"Convivencia, Integración, Productividad","February 27, 2023","March 10, 2023",Departamento,"Jordana Betancourt Menchaca, Jorge Guerrero Díaz",No
Timelogs,Sin iniciar,[Sin definir],No definido,,,,,No
Reporte de Estado,Sin iniciar,,No definido,,,Departamento,Arisbeth Aguirre Pontaza,No
Actividades de Integración,En progreso,"Si generamos una lista de las actividades con mayor votación e implementamos estas, entonces la confianza entre el departamento Delta aumentará.","Convivencia, Integración","March 1, 2023","March 11, 2023",Departamento,Ricardo Nuñez Alanis,No
Retroalimentación con Happiness Door,En progreso,"Si se le da al departamento Delta una herramienta para expresar como se sienten, entonces podremos identificar los conflictos dentro del departamento.","Bienestar, Productividad","March 3, 2023","March 11, 2023",Departamento,Ricardo Nuñez Alanis,No
Seguimiento de incidencias,Sin iniciar,"El registrar las incidencias que ocurren en el departamento nos ayudará a darle seguimiento a las acciones que se hicieron para corregirlas y ",,,,,,No