﻿Nivel,Acrónimos,Prácticas,Definido,Ejecutados Departamental,Ejecutados Deltram,Ejecutados Deltalin,Completado,📒 Práctica Específica Doc,⚙️ Documentación
2,"REQM, SG1",Develop an understanding with the requirements providers on the meaning of the requirements.,"https://www.notion.so/e6d7dcd7abe74af4b1cb5315845cf6df https://www.notion.so/02f47971119e448cbd425a628cc464c5 https://docs.google.com/spreadsheets/d/1X-HpEdOKAKUIVbcqLjRyCIJW7jiraa5Oqq25f2Gk0vE/edit?usp=share_link https://www.notion.so/ec42623b533e49a281c7272e7bc4d048 ","https://www.notion.so/e6d7dcd7abe74af4b1cb5315845cf6df https://www.notion.so/638cc52e59414835b4bfce35adfa651c ",https://docs.google.com/document/d/1FkV-xZ-sY4xmN3D1ipIwma0IQc3pZzCV/edit?rtpof=true&sd=true https://www.notion.so/afa56b64a44d46d683aebce7ea836740 https://docs.google.com/spreadsheets/d/1ijuDjWE1UxtgRoeekSNPiPbB5AByjpyzYiSnwvLzQ4Q/edit  https://docs.google.com/document/d/1hp85FsOnveH8VG93WsLhZbQDG3BhlJIM/edit  https://docs.google.com/document/d/1OR7xMG00wMNzlPSnmAAKGS0LWlcAKwWAplcDV7vtj9U/edit?usp=share_link,https://docs.google.com/document/d/10yA-U3GvR475kLDTzwGTc4gVdklyn3OlU_0y8gTEhwc/edithttps://www.notion.so/1071d4dc5b3846a8ab8e0eff34a4c922 https://docs.google.com/spreadsheets/d/1Eme0YIj9GZCc3QCBQehDUGZIgS7aTilZx4oUy35dcGc/edit#gid=0  https://docs.google.com/document/d/1CPU_ixJw-kOqkju6LWVuk-PizWOLSWzOtCRoAYJjA-o/edit?usp=share_link,Yes,../Escritorio%2048dc738f81a343219aa00799b025a0f9/CMMI%20v1%203%20ad665e9031ea40809ccccd8b766b6b9b/Pra%CC%81cticas%20Especi%CC%81ficas%203e22172ab8ed4ff2b3612a605de70f12/Comprender%20los%20requisitos%2032a1d5f7ddb9449498f9c5387f670b80.csv,../Escritorio%2048dc738f81a343219aa00799b025a0f9/CMMI%20v1%203%20ad665e9031ea40809ccccd8b766b6b9b/A%CC%81reas%20de%20Proceso%2073cb7340a7e3493ba7b8c80a2ac773ba/Gestio%CC%81n%20de%20Requisitos%20aff5fe5e86724d46adc1bdff35e278e5.csv
2,"REQM, SG1",Obtain commitment to the requirements from the project participants.,"https://www.notion.so/1f0ac2e0d81f4c8d81e7b47451124651 https://www.notion.so/d66e8babdc7449708c26f958dca70791 https://www.notion.so/40b356e80a6948f9acb8ddbd119bc217 ",https://docs.google.com/spreadsheets/d/1HZrmGn_cKk6wFRo-s0_ZsMpfMxow5rXOvBgHTPeQA0U/edit#gid=27041093 https://docs.google.com/spreadsheets/d/19yI-NPQQVjO3kzdbDmYF9dPO7SqSGOXRm3zGwtVRZL0/edit#gid=0,"https://docs.google.com/spreadsheets/d/12JDmCfbE0bqTtf2y8qr1qal6UvWUoREaz4KtkNTETKc/edit#gid=0 ","https://docs.google.com/spreadsheets/d/17-d-VE2ZQ87xzCLuOLehTACFnVJ8r_WS-Ro0cYArhnk/edit https://www.notion.so/46ae6ad70d5e470aaf6bc9b441bb3d02 https://www.notion.so/ff7c9fb3a4554eaaba7bb0e5c7bdbc69 ",Yes,../Escritorio%2048dc738f81a343219aa00799b025a0f9/CMMI%20v1%203%20ad665e9031ea40809ccccd8b766b6b9b/Pra%CC%81cticas%20Especi%CC%81ficas%203e22172ab8ed4ff2b3612a605de70f12/Obtener%20el%20compromiso%20con%20el%20plan%20695204fee95a47fcb4ab0f8dd3ec7324.csv,../Escritorio%2048dc738f81a343219aa00799b025a0f9/CMMI%20v1%203%20ad665e9031ea40809ccccd8b766b6b9b/A%CC%81reas%20de%20Proceso%2073cb7340a7e3493ba7b8c80a2ac773ba/Gestio%CC%81n%20de%20Requisitos%20aff5fe5e86724d46adc1bdff35e278e5.csv
2,"REQM, SG1",Manage changes to the requirements as they evolve during the project.,https://www.notion.so/c7e4aafbd6f446fca206c4e9b79dca45 https://www.notion.so/02f47971119e448cbd425a628cc464c5 https://www.notion.so/befbdb83f0284d9690f1761beffb29ce (Se define que debe de gestionarse el cambio antes de ejecutarlo),,https://docs.google.com/document/d/1OR7xMG00wMNzlPSnmAAKGS0LWlcAKwWAplcDV7vtj9U/edit?usp=share_link,,Yes,../Escritorio%2048dc738f81a343219aa00799b025a0f9/CMMI%20v1%203%20ad665e9031ea40809ccccd8b766b6b9b/Pra%CC%81cticas%20Especi%CC%81ficas%203e22172ab8ed4ff2b3612a605de70f12/Gestionar%20el%20cambio%20a%20los%20requisitos%2092b1e60c23084c79905ba40634d370ef.csv,../Escritorio%2048dc738f81a343219aa00799b025a0f9/CMMI%20v1%203%20ad665e9031ea40809ccccd8b766b6b9b/A%CC%81reas%20de%20Proceso%2073cb7340a7e3493ba7b8c80a2ac773ba/Gestio%CC%81n%20de%20Requisitos%20aff5fe5e86724d46adc1bdff35e278e5.csv
2,"REQM, SG1",Maintain bidirectional traceability among the requirements and the project plans and work products.,"https://www.notion.so/02f47971119e448cbd425a628cc464c5 ","https://www.notion.so/638cc52e59414835b4bfce35adfa651c ",https://www.notion.so/afa56b64a44d46d683aebce7ea836740 https://docs.google.com/spreadsheets/d/1ijuDjWE1UxtgRoeekSNPiPbB5AByjpyzYiSnwvLzQ4Q/edit,https://www.notion.so/1071d4dc5b3846a8ab8e0eff34a4c922 https://docs.google.com/spreadsheets/d/1Eme0YIj9GZCc3QCBQehDUGZIgS7aTilZx4oUy35dcGc/edit#gid=0,Yes,../Escritorio%2048dc738f81a343219aa00799b025a0f9/CMMI%20v1%203%20ad665e9031ea40809ccccd8b766b6b9b/Pra%CC%81cticas%20Especi%CC%81ficas%203e22172ab8ed4ff2b3612a605de70f12/Mantener%20la%20trazabilidad%20bidireccional%20de%20los%20requ%2051b22000616648e18177c1464497ca94.csv,../Escritorio%2048dc738f81a343219aa00799b025a0f9/CMMI%20v1%203%20ad665e9031ea40809ccccd8b766b6b9b/A%CC%81reas%20de%20Proceso%2073cb7340a7e3493ba7b8c80a2ac773ba/Gestio%CC%81n%20de%20Requisitos%20aff5fe5e86724d46adc1bdff35e278e5.csv
2,"REQM, SG1",Identify inconsistencies between the project plans and work products and the requirements.,retrospectivas + solicitudes de cambios + bitacora de cambios + plan de trabajo,,,,No,../Escritorio%2048dc738f81a343219aa00799b025a0f9/CMMI%20v1%203%20ad665e9031ea40809ccccd8b766b6b9b/Pra%CC%81cticas%20Especi%CC%81ficas%203e22172ab8ed4ff2b3612a605de70f12/Asegurar%20el%20alineamiento%20entre%20el%20trabajo%20del%20proy%2084900109ba6148f8aa6b8d814b5d52a6.csv,../Escritorio%2048dc738f81a343219aa00799b025a0f9/CMMI%20v1%203%20ad665e9031ea40809ccccd8b766b6b9b/A%CC%81reas%20de%20Proceso%2073cb7340a7e3493ba7b8c80a2ac773ba/Gestio%CC%81n%20de%20Requisitos%20aff5fe5e86724d46adc1bdff35e278e5.csv
2,"PP, SG1",Establish a top-level work breakdown structure (WBS) to estimate the scope of the project.,"https://www.notion.so/a000e7823a2841fbaf0c3c1aabef58a2 ","https://www.notion.so/a000e7823a2841fbaf0c3c1aabef58a2 ","https://www.notion.so/692690fcdb9942878cd0d3c25d15e89e ","https://www.notion.so/a817a99c80a04c158fc3e7feec0e31f7 ",Yes,../Escritorio%2048dc738f81a343219aa00799b025a0f9/CMMI%20v1%203%20ad665e9031ea40809ccccd8b766b6b9b/Pra%CC%81cticas%20Especi%CC%81ficas%203e22172ab8ed4ff2b3612a605de70f12/Estimar%20el%20alcance%20del%20proyecto%203c43f06dd283474fb50f29bd56c9dbc5.csv,../Escritorio%2048dc738f81a343219aa00799b025a0f9/CMMI%20v1%203%20ad665e9031ea40809ccccd8b766b6b9b/A%CC%81reas%20de%20Proceso%2073cb7340a7e3493ba7b8c80a2ac773ba/Planificacio%CC%81n%20del%20Proyecto%206dba5b9a080c4ef0a4babec2ebb5d62f.csv
2,"PP, SG1",Establish and maintain estimates of the attributes of the work products and tasks.,"https://docs.google.com/spreadsheets/d/1HZrmGn_cKk6wFRo-s0_ZsMpfMxow5rXOvBgHTPeQA0U/edit#gid=27041093
https://www.notion.so/767c833726a640c8a8a4421b347599c3 https://www.notion.so/796befd2de26494f8e51c3aa1b7588da https://www.notion.so/d14a21a34f6749d292e3e3d6cc78e358 ","https://docs.google.com/spreadsheets/d/1HZrmGn_cKk6wFRo-s0_ZsMpfMxow5rXOvBgHTPeQA0U/edit#gid=111647789 https://docs.google.com/spreadsheets/d/1HZrmGn_cKk6wFRo-s0_ZsMpfMxow5rXOvBgHTPeQA0U/edit#gid=268055298 ",https://docs.google.com/spreadsheets/d/12JDmCfbE0bqTtf2y8qr1qal6UvWUoREaz4KtkNTETKc/edit#gid=0https://docs.google.com/spreadsheets/d/1HZrmGn_cKk6wFRo-s0_ZsMpfMxow5rXOvBgHTPeQA0U/edit#gid=27041093,https://docs.google.com/spreadsheets/d/17-d-VE2ZQ87xzCLuOLehTACFnVJ8r_WS-Ro0cYArhnk/edit https://docs.google.com/spreadsheets/d/1HZrmGn_cKk6wFRo-s0_ZsMpfMxow5rXOvBgHTPeQA0U/edit#gid=1034349653,Yes,../Escritorio%2048dc738f81a343219aa00799b025a0f9/CMMI%20v1%203%20ad665e9031ea40809ccccd8b766b6b9b/Pra%CC%81cticas%20Especi%CC%81ficas%203e22172ab8ed4ff2b3612a605de70f12/Establecer%20las%20estimaciones%20de%20los%20atributos%20de%20lo%2088221b61b73b4707905d363f9b92164a.csv,../Escritorio%2048dc738f81a343219aa00799b025a0f9/CMMI%20v1%203%20ad665e9031ea40809ccccd8b766b6b9b/A%CC%81reas%20de%20Proceso%2073cb7340a7e3493ba7b8c80a2ac773ba/Planificacio%CC%81n%20del%20Proyecto%206dba5b9a080c4ef0a4babec2ebb5d62f.csv
2,"PP, SG1",Define the project life-cycle phases upon which to scope the planning effort.,"Ciclo de vida DAD: https://www.notion.so/4c5729357cc0424bab6399bce5645e3c https://www.notion.so/f41c1e8267b34c0f8a917af3c6d05dfc ","https://www.notion.so/f41c1e8267b34c0f8a917af3c6d05dfc ",https://docs.google.com/document/d/1FkV-xZ-sY4xmN3D1ipIwma0IQc3pZzCV/edit?rtpof=true&sd=true (se define el ciclo de vida) https://docs.google.com/document/d/1i2c4oAHjBRshqRIUYf7K2OPRgWhPAzzbINtI5Yk5cAE/edit,https://docs.google.com/document/d/10yA-U3GvR475kLDTzwGTc4gVdklyn3OlU_0y8gTEhwc/edit(se define el ciclo de vida) https://docs.google.com/document/d/1XNUy4WQy5p6Ml8u4I3aYsCHv4fLtVNf7B5X9RbqI-2w/edit?usp=share_link,Yes,../Escritorio%2048dc738f81a343219aa00799b025a0f9/CMMI%20v1%203%20ad665e9031ea40809ccccd8b766b6b9b/Pra%CC%81cticas%20Especi%CC%81ficas%203e22172ab8ed4ff2b3612a605de70f12/Definir%20las%20fases%20del%20ciclo%20de%20vida%20del%20proyecto%20948fabba18e1451a961757f5a16c0ca2.csv,../Escritorio%2048dc738f81a343219aa00799b025a0f9/CMMI%20v1%203%20ad665e9031ea40809ccccd8b766b6b9b/A%CC%81reas%20de%20Proceso%2073cb7340a7e3493ba7b8c80a2ac773ba/Planificacio%CC%81n%20del%20Proyecto%206dba5b9a080c4ef0a4babec2ebb5d62f.csv
2,"PP, SG1",Estimate the project effort and cost for the work products and tasks based on estimation rationale.,"https://docs.google.com/spreadsheets/d/1HZrmGn_cKk6wFRo-s0_ZsMpfMxow5rXOvBgHTPeQA0U/edit#gid=27041093 https://www.notion.so/767c833726a640c8a8a4421b347599c3 ","https://docs.google.com/spreadsheets/d/1HZrmGn_cKk6wFRo-s0_ZsMpfMxow5rXOvBgHTPeQA0U/edit#gid=111647789 https://docs.google.com/spreadsheets/d/1HZrmGn_cKk6wFRo-s0_ZsMpfMxow5rXOvBgHTPeQA0U/edit#gid=268055298 "," https://docs.google.com/spreadsheets/d/12JDmCfbE0bqTtf2y8qr1qal6UvWUoREaz4KtkNTETKc/edit#gid=752510701"," https://docs.google.com/spreadsheets/d/17-d-VE2ZQ87xzCLuOLehTACFnVJ8r_WS-Ro0cYArhnk/edit#gid=1601314670",Yes,../Escritorio%2048dc738f81a343219aa00799b025a0f9/CMMI%20v1%203%20ad665e9031ea40809ccccd8b766b6b9b/Pra%CC%81cticas%20Especi%CC%81ficas%203e22172ab8ed4ff2b3612a605de70f12/Estimar%20el%20esfuerzo%20y%20el%20coste%2091f35a4023b74063b5e8995a2241a705.csv,../Escritorio%2048dc738f81a343219aa00799b025a0f9/CMMI%20v1%203%20ad665e9031ea40809ccccd8b766b6b9b/A%CC%81reas%20de%20Proceso%2073cb7340a7e3493ba7b8c80a2ac773ba/Planificacio%CC%81n%20del%20Proyecto%206dba5b9a080c4ef0a4babec2ebb5d62f.csv
2,"PP, SG2",Establish and maintain the project’s budget and schedule.,"https://www.notion.so/796befd2de26494f8e51c3aa1b7588da https://www.notion.so/ec42623b533e49a281c7272e7bc4d048 ",," https://docs.google.com/spreadsheets/d/12JDmCfbE0bqTtf2y8qr1qal6UvWUoREaz4KtkNTETKc/edit#gid=752510701"," https://docs.google.com/spreadsheets/d/17-d-VE2ZQ87xzCLuOLehTACFnVJ8r_WS-Ro0cYArhnk/edit#gid=1601314670",Yes,../Escritorio%2048dc738f81a343219aa00799b025a0f9/CMMI%20v1%203%20ad665e9031ea40809ccccd8b766b6b9b/Pra%CC%81cticas%20Especi%CC%81ficas%203e22172ab8ed4ff2b3612a605de70f12/Establecer%20el%20presupuesto%20y%20el%20calendario%203267363cfc7d4fb992d1f522aebb670c.csv,../Escritorio%2048dc738f81a343219aa00799b025a0f9/CMMI%20v1%203%20ad665e9031ea40809ccccd8b766b6b9b/A%CC%81reas%20de%20Proceso%2073cb7340a7e3493ba7b8c80a2ac773ba/Planificacio%CC%81n%20del%20Proyecto%206dba5b9a080c4ef0a4babec2ebb5d62f.csv
2,"PP, SG2",Identify and analyze project risks.,"https://www.notion.so/131d45fd5be74c50a9f43f6946857a99 https://www.notion.so/b0583163cd7c47e28de93fd62c4e7620 ","https://www.notion.so/b0583163cd7c47e28de93fd62c4e7620 ","https://www.notion.so/b0583163cd7c47e28de93fd62c4e7620 ","https://www.notion.so/b0583163cd7c47e28de93fd62c4e7620 ",Yes,../Escritorio%2048dc738f81a343219aa00799b025a0f9/CMMI%20v1%203%20ad665e9031ea40809ccccd8b766b6b9b/Pra%CC%81cticas%20Especi%CC%81ficas%203e22172ab8ed4ff2b3612a605de70f12/Identificar%20los%20riesgos%20del%20proyecto%2035e0ac58e5ad44a197df3e24f25e7903.csv,../Escritorio%2048dc738f81a343219aa00799b025a0f9/CMMI%20v1%203%20ad665e9031ea40809ccccd8b766b6b9b/A%CC%81reas%20de%20Proceso%2073cb7340a7e3493ba7b8c80a2ac773ba/Planificacio%CC%81n%20del%20Proyecto%206dba5b9a080c4ef0a4babec2ebb5d62f.csv
2,"PP, SG2",Plan for the management of project data.,,,,,No,../Escritorio%2048dc738f81a343219aa00799b025a0f9/CMMI%20v1%203%20ad665e9031ea40809ccccd8b766b6b9b/Pra%CC%81cticas%20Especi%CC%81ficas%203e22172ab8ed4ff2b3612a605de70f12/Planificar%20la%20gestio%CC%81n%20de%20datos%2058be68ac905b46be990d365591f8de10.csv,../Escritorio%2048dc738f81a343219aa00799b025a0f9/CMMI%20v1%203%20ad665e9031ea40809ccccd8b766b6b9b/A%CC%81reas%20de%20Proceso%2073cb7340a7e3493ba7b8c80a2ac773ba/Planificacio%CC%81n%20del%20Proyecto%206dba5b9a080c4ef0a4babec2ebb5d62f.csv
2,"PP, SG2",Plan for necessary resources to perform the project.,"https://www.notion.so/4c195ffea609425d8807209e36f939a1 ","https://www.notion.so/4c195ffea609425d8807209e36f939a1 ","https://www.notion.so/88f7baadac684fabb786abd0abb23b9b ",https://docs.google.com/document/d/1J-Lbx7gmAYrUiem4TBUyjciNgCIhFrhMr0gJ4zCSNjk/edit#heading=h.4j3hgyfovkc9,Yes,../Escritorio%2048dc738f81a343219aa00799b025a0f9/CMMI%20v1%203%20ad665e9031ea40809ccccd8b766b6b9b/Pra%CC%81cticas%20Especi%CC%81ficas%203e22172ab8ed4ff2b3612a605de70f12/Planificar%20los%20recursos%20del%20proyecto%203fa50271776a498f8bf338528c053566.csv,../Escritorio%2048dc738f81a343219aa00799b025a0f9/CMMI%20v1%203%20ad665e9031ea40809ccccd8b766b6b9b/A%CC%81reas%20de%20Proceso%2073cb7340a7e3493ba7b8c80a2ac773ba/Planificacio%CC%81n%20del%20Proyecto%206dba5b9a080c4ef0a4babec2ebb5d62f.csv
2,"PP, SG2",Plan for knowledge and skills needed to perform the project.,"https://www.notion.so/4c195ffea609425d8807209e36f939a1 ","https://www.notion.so/4c195ffea609425d8807209e36f939a1 ","https://www.notion.so/88f7baadac684fabb786abd0abb23b9b ",https://docs.google.com/document/d/1J-Lbx7gmAYrUiem4TBUyjciNgCIhFrhMr0gJ4zCSNjk/edit#heading=h.4j3hgyfovkc9,Yes,../Escritorio%2048dc738f81a343219aa00799b025a0f9/CMMI%20v1%203%20ad665e9031ea40809ccccd8b766b6b9b/Pra%CC%81cticas%20Especi%CC%81ficas%203e22172ab8ed4ff2b3612a605de70f12/Planificar%20el%20conocimiento%20y%20las%20habilidades%20neces%20c8533b8298934d4fa9e0243e6263881c.csv,../Escritorio%2048dc738f81a343219aa00799b025a0f9/CMMI%20v1%203%20ad665e9031ea40809ccccd8b766b6b9b/A%CC%81reas%20de%20Proceso%2073cb7340a7e3493ba7b8c80a2ac773ba/Planificacio%CC%81n%20del%20Proyecto%206dba5b9a080c4ef0a4babec2ebb5d62f.csv
2,"PP, SG2",Plan the involvement with identified stakeholders.,"https://www.notion.so/3a232c3f544b47619864b763b485f588 ","https://www.notion.so/3a232c3f544b47619864b763b485f588 ","https://www.notion.so/c09cba6011bc41f5800c55d4377fafd0 ",https://www.notion.so/3b3084fd7dd74fcfbcd1ae515d5afaab https://drive.google.com/drive/u/1/folders/1mK3Ln6bfH109i4K2EiU8LbdWcDBYi7ly https://docs.google.com/presentation/d/1wavW8Mj3VjYMQ4rnhP2ctNr89XlfNq1-/edit?rtpof=true,Yes,../Escritorio%2048dc738f81a343219aa00799b025a0f9/CMMI%20v1%203%20ad665e9031ea40809ccccd8b766b6b9b/Pra%CC%81cticas%20Especi%CC%81ficas%203e22172ab8ed4ff2b3612a605de70f12/Planinficar%20la%20involucracio%CC%81n%20de%20las%20partes%20intere%20f04f26f49ce6449d811c9b1abbc6ab33.csv,../Escritorio%2048dc738f81a343219aa00799b025a0f9/CMMI%20v1%203%20ad665e9031ea40809ccccd8b766b6b9b/A%CC%81reas%20de%20Proceso%2073cb7340a7e3493ba7b8c80a2ac773ba/Planificacio%CC%81n%20del%20Proyecto%206dba5b9a080c4ef0a4babec2ebb5d62f.csv
2,"PP, SG2",Establish and maintain the overall project plan content.,"https://www.notion.so/e6d7dcd7abe74af4b1cb5315845cf6df https://www.notion.so/1f0ac2e0d81f4c8d81e7b47451124651 https://www.notion.so/767c833726a640c8a8a4421b347599c3 ",https://www.notion.so/e6d7dcd7abe74af4b1cb5315845cf6df https://docs.google.com/spreadsheets/d/1HZrmGn_cKk6wFRo-s0_ZsMpfMxow5rXOvBgHTPeQA0U/edit#gid=27041093,https://docs.google.com/document/d/1FkV-xZ-sY4xmN3D1ipIwma0IQc3pZzCV/edit?rtpof=true&sd=true https://docs.google.com/spreadsheets/d/12JDmCfbE0bqTtf2y8qr1qal6UvWUoREaz4KtkNTETKc/edit#gid=0,https://docs.google.com/document/d/10yA-U3GvR475kLDTzwGTc4gVdklyn3OlU_0y8gTEhwc/edit   https://docs.google.com/spreadsheets/d/17-d-VE2ZQ87xzCLuOLehTACFnVJ8r_WS-Ro0cYArhnk/edit,Yes,../Escritorio%2048dc738f81a343219aa00799b025a0f9/CMMI%20v1%203%20ad665e9031ea40809ccccd8b766b6b9b/Pra%CC%81cticas%20Especi%CC%81ficas%203e22172ab8ed4ff2b3612a605de70f12/Establecer%20el%20plan%20de%20proyecto%20fc37719c76e746d7b67e1fa7acf5d0ad.csv,../Escritorio%2048dc738f81a343219aa00799b025a0f9/CMMI%20v1%203%20ad665e9031ea40809ccccd8b766b6b9b/A%CC%81reas%20de%20Proceso%2073cb7340a7e3493ba7b8c80a2ac773ba/Planificacio%CC%81n%20del%20Proyecto%206dba5b9a080c4ef0a4babec2ebb5d62f.csv
2,"PP, SG3",Review all plans that affect the project to understand project commitments.,"calendario, plan de trabajo, acta de proyecto, reporte de estado, retrospectivas los viernes",,,,Yes,../Escritorio%2048dc738f81a343219aa00799b025a0f9/CMMI%20v1%203%20ad665e9031ea40809ccccd8b766b6b9b/Pra%CC%81cticas%20Especi%CC%81ficas%203e22172ab8ed4ff2b3612a605de70f12/Revisar%20los%20planes%20que%20afecten%20al%20proyecto%20c1f7454138d74812a0795af738771eab.csv,../Escritorio%2048dc738f81a343219aa00799b025a0f9/CMMI%20v1%203%20ad665e9031ea40809ccccd8b766b6b9b/A%CC%81reas%20de%20Proceso%2073cb7340a7e3493ba7b8c80a2ac773ba/Planificacio%CC%81n%20del%20Proyecto%206dba5b9a080c4ef0a4babec2ebb5d62f.csv
2,"PP, SG3",Reconcile the project plan to reflect available and estimated resources.,"https://www.notion.so/4c195ffea609425d8807209e36f939a1 https://www.notion.so/ec42623b533e49a281c7272e7bc4d048 ","https://www.notion.so/4c195ffea609425d8807209e36f939a1 ","https://www.notion.so/88f7baadac684fabb786abd0abb23b9b https://docs.google.com/spreadsheets/d/12JDmCfbE0bqTtf2y8qr1qal6UvWUoREaz4KtkNTETKc/edit#gid=0 ","https://docs.google.com/document/d/1J-Lbx7gmAYrUiem4TBUyjciNgCIhFrhMr0gJ4zCSNjk/edit#heading=h.4j3hgyfovkc9   https://docs.google.com/spreadsheets/d/17-d-VE2ZQ87xzCLuOLehTACFnVJ8r_WS-Ro0cYArhnk/edit ",Yes,../Escritorio%2048dc738f81a343219aa00799b025a0f9/CMMI%20v1%203%20ad665e9031ea40809ccccd8b766b6b9b/Pra%CC%81cticas%20Especi%CC%81ficas%203e22172ab8ed4ff2b3612a605de70f12/Conciliar%20los%20niveles%20de%20trabajo%20y%20de%20recursos%2052a72ba342244cb1a515aa6e0eb6412e.csv,../Escritorio%2048dc738f81a343219aa00799b025a0f9/CMMI%20v1%203%20ad665e9031ea40809ccccd8b766b6b9b/A%CC%81reas%20de%20Proceso%2073cb7340a7e3493ba7b8c80a2ac773ba/Planificacio%CC%81n%20del%20Proyecto%206dba5b9a080c4ef0a4babec2ebb5d62f.csv
2,"PP, SG3",Obtain commitment from relevant stakeholders responsible for performing and supporting plan execution.,"https://www.notion.so/e6d7dcd7abe74af4b1cb5315845cf6df ","https://www.notion.so/e6d7dcd7abe74af4b1cb5315845cf6df ",https://docs.google.com/document/d/1FkV-xZ-sY4xmN3D1ipIwma0IQc3pZzCV/edit?rtpof=true&sd=true,"https://docs.google.com/document/d/10yA-U3GvR475kLDTzwGTc4gVdklyn3OlU_0y8gTEhwc/edit  ",Yes,../Escritorio%2048dc738f81a343219aa00799b025a0f9/CMMI%20v1%203%20ad665e9031ea40809ccccd8b766b6b9b/Pra%CC%81cticas%20Especi%CC%81ficas%203e22172ab8ed4ff2b3612a605de70f12/Obtener%20el%20compromiso%20con%20el%20plan%20695204fee95a47fcb4ab0f8dd3ec7324.csv,../Escritorio%2048dc738f81a343219aa00799b025a0f9/CMMI%20v1%203%20ad665e9031ea40809ccccd8b766b6b9b/A%CC%81reas%20de%20Proceso%2073cb7340a7e3493ba7b8c80a2ac773ba/Planificacio%CC%81n%20del%20Proyecto%206dba5b9a080c4ef0a4babec2ebb5d62f.csv
2,"PMC, SG1",Monitor the actual values of the project planning parameters against the project plan.,"https://www.notion.so/e6d7dcd7abe74af4b1cb5315845cf6df https://www.notion.so/1f0ac2e0d81f4c8d81e7b47451124651 https://www.notion.so/767c833726a640c8a8a4421b347599c3 https://www.notion.so/796befd2de26494f8e51c3aa1b7588da https://www.notion.so/ec42623b533e49a281c7272e7bc4d048 ",https://www.notion.so/e6d7dcd7abe74af4b1cb5315845cf6df https://docs.google.com/spreadsheets/d/1HZrmGn_cKk6wFRo-s0_ZsMpfMxow5rXOvBgHTPeQA0U/edit#gid=27041093,https://docs.google.com/document/d/1FkV-xZ-sY4xmN3D1ipIwma0IQc3pZzCV/edit?rtpof=true&sd=true https://docs.google.com/spreadsheets/d/12JDmCfbE0bqTtf2y8qr1qal6UvWUoREaz4KtkNTETKc/edit#gid=0,https://docs.google.com/document/d/10yA-U3GvR475kLDTzwGTc4gVdklyn3OlU_0y8gTEhwc/edit   https://docs.google.com/spreadsheets/d/17-d-VE2ZQ87xzCLuOLehTACFnVJ8r_WS-Ro0cYArhnk/edit,Yes,../Escritorio%2048dc738f81a343219aa00799b025a0f9/CMMI%20v1%203%20ad665e9031ea40809ccccd8b766b6b9b/Pra%CC%81cticas%20Especi%CC%81ficas%203e22172ab8ed4ff2b3612a605de70f12/Monitorizar%20los%20para%CC%81metros%20de%20planificacio%CC%81n%20del%20%2083bd646ca34144a2bed07734aafcf8df.csv,../Escritorio%2048dc738f81a343219aa00799b025a0f9/CMMI%20v1%203%20ad665e9031ea40809ccccd8b766b6b9b/A%CC%81reas%20de%20Proceso%2073cb7340a7e3493ba7b8c80a2ac773ba/Monitorizacio%CC%81n%20y%20Control%20del%20Proyecto%20432710662d134b619e76c5e620fdf2ea.csv
2,"PMC, SG1",Monitor commitments against those identified in the project plan.,retrospectivas,,,,Yes,../Escritorio%2048dc738f81a343219aa00799b025a0f9/CMMI%20v1%203%20ad665e9031ea40809ccccd8b766b6b9b/Pra%CC%81cticas%20Especi%CC%81ficas%203e22172ab8ed4ff2b3612a605de70f12/Monitorizar%20los%20compromisos%200eb994b4a843415c8cd4b78e161f994f.csv,../Escritorio%2048dc738f81a343219aa00799b025a0f9/CMMI%20v1%203%20ad665e9031ea40809ccccd8b766b6b9b/A%CC%81reas%20de%20Proceso%2073cb7340a7e3493ba7b8c80a2ac773ba/Monitorizacio%CC%81n%20y%20Control%20del%20Proyecto%20432710662d134b619e76c5e620fdf2ea.csv
2,"PMC, SG1",Monitor risks against those identified in the project plan.,"https://www.notion.so/131d45fd5be74c50a9f43f6946857a99 https://www.notion.so/b0583163cd7c47e28de93fd62c4e7620 ","https://www.notion.so/b0583163cd7c47e28de93fd62c4e7620 ","https://www.notion.so/b0583163cd7c47e28de93fd62c4e7620 ","https://www.notion.so/b0583163cd7c47e28de93fd62c4e7620 ",Yes,../Escritorio%2048dc738f81a343219aa00799b025a0f9/CMMI%20v1%203%20ad665e9031ea40809ccccd8b766b6b9b/Pra%CC%81cticas%20Especi%CC%81ficas%203e22172ab8ed4ff2b3612a605de70f12/Monitorizar%20los%20riesgos%20del%20proyecto%20e5a99b7039f74c17a93e3ec8f80451bd.csv,../Escritorio%2048dc738f81a343219aa00799b025a0f9/CMMI%20v1%203%20ad665e9031ea40809ccccd8b766b6b9b/A%CC%81reas%20de%20Proceso%2073cb7340a7e3493ba7b8c80a2ac773ba/Monitorizacio%CC%81n%20y%20Control%20del%20Proyecto%20432710662d134b619e76c5e620fdf2ea.csv
2,"PMC, SG1",Monitor the management of project data against the project plan.,retrospectivas + SPI y CPI,,,,Yes,../Escritorio%2048dc738f81a343219aa00799b025a0f9/CMMI%20v1%203%20ad665e9031ea40809ccccd8b766b6b9b/Pra%CC%81cticas%20Especi%CC%81ficas%203e22172ab8ed4ff2b3612a605de70f12/Monitorizar%20la%20gestio%CC%81n%20de%20los%20datos%201e4cbc241a1c478a9d62a9753803f221.csv,../Escritorio%2048dc738f81a343219aa00799b025a0f9/CMMI%20v1%203%20ad665e9031ea40809ccccd8b766b6b9b/A%CC%81reas%20de%20Proceso%2073cb7340a7e3493ba7b8c80a2ac773ba/Monitorizacio%CC%81n%20y%20Control%20del%20Proyecto%20432710662d134b619e76c5e620fdf2ea.csv
2,"PMC, SG1",Monitor stakeholder involvement against the project plan.,plan de comunicación + reportes de estado,,,,Yes,../Escritorio%2048dc738f81a343219aa00799b025a0f9/CMMI%20v1%203%20ad665e9031ea40809ccccd8b766b6b9b/Pra%CC%81cticas%20Especi%CC%81ficas%203e22172ab8ed4ff2b3612a605de70f12/Monitorizar%20la%20involucracio%CC%81n%20de%20las%20partes%20intere%20aef02b545b86486fb47a273d48f939f9.csv,../Escritorio%2048dc738f81a343219aa00799b025a0f9/CMMI%20v1%203%20ad665e9031ea40809ccccd8b766b6b9b/A%CC%81reas%20de%20Proceso%2073cb7340a7e3493ba7b8c80a2ac773ba/Monitorizacio%CC%81n%20y%20Control%20del%20Proyecto%20432710662d134b619e76c5e620fdf2ea.csv
2,"PMC, SG1","Periodically review the project's progress, performance, and issues.","https://www.notion.so/1f0ac2e0d81f4c8d81e7b47451124651 https://www.notion.so/767c833726a640c8a8a4421b347599c3 https://www.notion.so/796befd2de26494f8e51c3aa1b7588da https://www.notion.so/ec42623b533e49a281c7272e7bc4d048 ","https://docs.google.com/spreadsheets/d/1HZrmGn_cKk6wFRo-s0_ZsMpfMxow5rXOvBgHTPeQA0U/edit#gid=27041093  Antiguos docs: https://docs.google.com/spreadsheets/d/1HZrmGn_cKk6wFRo-s0_ZsMpfMxow5rXOvBgHTPeQA0U/edit#gid=111647789 https://docs.google.com/spreadsheets/d/1HZrmGn_cKk6wFRo-s0_ZsMpfMxow5rXOvBgHTPeQA0U/edit#gid=268055298 ","https://docs.google.com/spreadsheets/d/12JDmCfbE0bqTtf2y8qr1qal6UvWUoREaz4KtkNTETKc/edit#gid=0 https://www.notion.so/afa56b64a44d46d683aebce7ea836740 "," https://docs.google.com/spreadsheets/d/17-d-VE2ZQ87xzCLuOLehTACFnVJ8r_WS-Ro0cYArhnk/edit https://www.notion.so/1071d4dc5b3846a8ab8e0eff34a4c922 ",Yes,../Escritorio%2048dc738f81a343219aa00799b025a0f9/CMMI%20v1%203%20ad665e9031ea40809ccccd8b766b6b9b/Pra%CC%81cticas%20Especi%CC%81ficas%203e22172ab8ed4ff2b3612a605de70f12/Llevar%20a%20cabo%20las%20revisiones%20del%20progreso%20ea51eff000c746d1b2e571b843ed3f83.csv,../Escritorio%2048dc738f81a343219aa00799b025a0f9/CMMI%20v1%203%20ad665e9031ea40809ccccd8b766b6b9b/A%CC%81reas%20de%20Proceso%2073cb7340a7e3493ba7b8c80a2ac773ba/Monitorizacio%CC%81n%20y%20Control%20del%20Proyecto%20432710662d134b619e76c5e620fdf2ea.csv
2,"PMC, SG1",Review the accomplishments and results of the project at selected project milestones.,"wiki ciclo de vida, retrospectivas, reporte de estado (hacer procesos)","https://docs.google.com/spreadsheets/d/1HZrmGn_cKk6wFRo-s0_ZsMpfMxow5rXOvBgHTPeQA0U/edit#gid=27041093  reportes de estado, retrospectivas.",https://docs.google.com/spreadsheets/d/12JDmCfbE0bqTtf2y8qr1qal6UvWUoREaz4KtkNTETKc/edit#gid=0," https://docs.google.com/spreadsheets/d/17-d-VE2ZQ87xzCLuOLehTACFnVJ8r_WS-Ro0cYArhnk/edit retrospectivas",Yes,../Escritorio%2048dc738f81a343219aa00799b025a0f9/CMMI%20v1%203%20ad665e9031ea40809ccccd8b766b6b9b/Pra%CC%81cticas%20Especi%CC%81ficas%203e22172ab8ed4ff2b3612a605de70f12/Llevar%20a%20cabo%20las%20revisiones%20de%20hitos%207c94b20995bb4f2dbef6c4c2e11b8db4.csv,../Escritorio%2048dc738f81a343219aa00799b025a0f9/CMMI%20v1%203%20ad665e9031ea40809ccccd8b766b6b9b/A%CC%81reas%20de%20Proceso%2073cb7340a7e3493ba7b8c80a2ac773ba/Monitorizacio%CC%81n%20y%20Control%20del%20Proyecto%20432710662d134b619e76c5e620fdf2ea.csv
2,"PMC, SG2",Collect and analyze the issues and determine the corrective actions necessary to address the issues.,"https://www.notion.so/398d18e5cf114c78a339cc165229bc2c ",https://docs.google.com/spreadsheets/d/1WUarBtriorrkR9ppxYsBTf13xr6hc2G5K3vSU9HmbqU/edit#gid=0,,,Yes,../Escritorio%2048dc738f81a343219aa00799b025a0f9/CMMI%20v1%203%20ad665e9031ea40809ccccd8b766b6b9b/Pra%CC%81cticas%20Especi%CC%81ficas%203e22172ab8ed4ff2b3612a605de70f12/Analizar%20las%20cuestiones%20e554846c50ca4eadabd561d163cee8b7.csv,../Escritorio%2048dc738f81a343219aa00799b025a0f9/CMMI%20v1%203%20ad665e9031ea40809ccccd8b766b6b9b/A%CC%81reas%20de%20Proceso%2073cb7340a7e3493ba7b8c80a2ac773ba/Monitorizacio%CC%81n%20y%20Control%20del%20Proyecto%20432710662d134b619e76c5e620fdf2ea.csv
2,"PMC, SG2",Take corrective action on identified issues.,"https://www.notion.so/398d18e5cf114c78a339cc165229bc2c ",https://docs.google.com/spreadsheets/d/1WUarBtriorrkR9ppxYsBTf13xr6hc2G5K3vSU9HmbqU/edit#gid=1864764110,,,Yes,../Escritorio%2048dc738f81a343219aa00799b025a0f9/CMMI%20v1%203%20ad665e9031ea40809ccccd8b766b6b9b/Pra%CC%81cticas%20Especi%CC%81ficas%203e22172ab8ed4ff2b3612a605de70f12/Llevar%20a%20cabo%20las%20acciones%20correctivas%20a636527ac65e4669b3cc0495c091ddbd.csv,../Escritorio%2048dc738f81a343219aa00799b025a0f9/CMMI%20v1%203%20ad665e9031ea40809ccccd8b766b6b9b/A%CC%81reas%20de%20Proceso%2073cb7340a7e3493ba7b8c80a2ac773ba/Monitorizacio%CC%81n%20y%20Control%20del%20Proyecto%20432710662d134b619e76c5e620fdf2ea.csv
2,"PMC, SG2",Manage corrective actions to closure.,"https://www.notion.so/398d18e5cf114c78a339cc165229bc2c ",https://docs.google.com/spreadsheets/d/1WUarBtriorrkR9ppxYsBTf13xr6hc2G5K3vSU9HmbqU/edit#gid=1864764110,,,Yes,../Escritorio%2048dc738f81a343219aa00799b025a0f9/CMMI%20v1%203%20ad665e9031ea40809ccccd8b766b6b9b/Pra%CC%81cticas%20Especi%CC%81ficas%203e22172ab8ed4ff2b3612a605de70f12/Gestionar%20las%20acciones%20correctivas%20c75e73b173e64a66b10bd57a92516a18.csv,../Escritorio%2048dc738f81a343219aa00799b025a0f9/CMMI%20v1%203%20ad665e9031ea40809ccccd8b766b6b9b/A%CC%81reas%20de%20Proceso%2073cb7340a7e3493ba7b8c80a2ac773ba/Monitorizacio%CC%81n%20y%20Control%20del%20Proyecto%20432710662d134b619e76c5e620fdf2ea.csv
2,"MA, SG1",Establish and maintain measurement objectives that are derived from identified information needs and objectives.,"https://www.notion.so/afc20c41f3fb442facc086bd23015a5b ","https://www.notion.so/afc20c41f3fb442facc086bd23015a5b ","https://www.notion.so/8e97c9d00ede4cae922a272a183a8ae2 https://www.notion.so/164c6e0d0f9c4e8daa1028d120bd6acc https://www.notion.so/859ff26db5f94fe29968f2198e240637 ","https://www.notion.so/140cf84ff0ca47069c76419bdab3b720 https://www.notion.so/e23576f5b2ce4504b7998c436c02b90a ",Yes,../Escritorio%2048dc738f81a343219aa00799b025a0f9/CMMI%20v1%203%20ad665e9031ea40809ccccd8b766b6b9b/Pra%CC%81cticas%20Especi%CC%81ficas%203e22172ab8ed4ff2b3612a605de70f12/Establecer%20los%20objetivos%20de%20medicio%CC%81n%20053cc6a00a074056889edcaf3b2d4bac.csv,../Escritorio%2048dc738f81a343219aa00799b025a0f9/CMMI%20v1%203%20ad665e9031ea40809ccccd8b766b6b9b/A%CC%81reas%20de%20Proceso%2073cb7340a7e3493ba7b8c80a2ac773ba/Medicio%CC%81n%20y%20Ana%CC%81lisis%20a20346de4ab7497d9b6418ed812c97ce.csv
2,"MA, SG1",Specify measures to address the measurement objectives.,"https://www.notion.so/767c833726a640c8a8a4421b347599c3 
https://docs.google.com/spreadsheets/d/1HZrmGn_cKk6wFRo-s0_ZsMpfMxow5rXOvBgHTPeQA0U/edit?usp=sharing","https://docs.google.com/spreadsheets/d/1HZrmGn_cKk6wFRo-s0_ZsMpfMxow5rXOvBgHTPeQA0U/edit#gid=27041093  Antiguos docs: https://docs.google.com/spreadsheets/d/1HZrmGn_cKk6wFRo-s0_ZsMpfMxow5rXOvBgHTPeQA0U/edit#gid=111647789 https://docs.google.com/spreadsheets/d/1HZrmGn_cKk6wFRo-s0_ZsMpfMxow5rXOvBgHTPeQA0U/edit#gid=268055298 ",https://docs.google.com/spreadsheets/d/12JDmCfbE0bqTtf2y8qr1qal6UvWUoREaz4KtkNTETKc/edit#gid=0," https://docs.google.com/spreadsheets/d/17-d-VE2ZQ87xzCLuOLehTACFnVJ8r_WS-Ro0cYArhnk/edit ",Yes,../Escritorio%2048dc738f81a343219aa00799b025a0f9/CMMI%20v1%203%20ad665e9031ea40809ccccd8b766b6b9b/Pra%CC%81cticas%20Especi%CC%81ficas%203e22172ab8ed4ff2b3612a605de70f12/Especificar%20las%20medidas%20bd5a331b94914e32952a87c1a367d258.csv,../Escritorio%2048dc738f81a343219aa00799b025a0f9/CMMI%20v1%203%20ad665e9031ea40809ccccd8b766b6b9b/A%CC%81reas%20de%20Proceso%2073cb7340a7e3493ba7b8c80a2ac773ba/Medicio%CC%81n%20y%20Ana%CC%81lisis%20a20346de4ab7497d9b6418ed812c97ce.csv
2,"MA, SG1",Specify how measurement data will be obtained and stored.,"https://docs.google.com/spreadsheets/d/1HZrmGn_cKk6wFRo-s0_ZsMpfMxow5rXOvBgHTPeQA0U/edit?usp=sharing
https://www.notion.so/796befd2de26494f8e51c3aa1b7588da 
https://www.notion.so/767c833726a640c8a8a4421b347599c3 
Proceso de lectura y reporte de SPI Y CPI","https://docs.google.com/spreadsheets/d/1HZrmGn_cKk6wFRo-s0_ZsMpfMxow5rXOvBgHTPeQA0U/edit#gid=27041093  Antiguos docs: https://docs.google.com/spreadsheets/d/1HZrmGn_cKk6wFRo-s0_ZsMpfMxow5rXOvBgHTPeQA0U/edit#gid=111647789 https://docs.google.com/spreadsheets/d/1HZrmGn_cKk6wFRo-s0_ZsMpfMxow5rXOvBgHTPeQA0U/edit#gid=268055298 ",https://docs.google.com/spreadsheets/d/12JDmCfbE0bqTtf2y8qr1qal6UvWUoREaz4KtkNTETKc/edit#gid=0," https://docs.google.com/spreadsheets/d/17-d-VE2ZQ87xzCLuOLehTACFnVJ8r_WS-Ro0cYArhnk/edit ",Yes,../Escritorio%2048dc738f81a343219aa00799b025a0f9/CMMI%20v1%203%20ad665e9031ea40809ccccd8b766b6b9b/Pra%CC%81cticas%20Especi%CC%81ficas%203e22172ab8ed4ff2b3612a605de70f12/Especificar%20los%20procedimientos%20de%20recogida%20y%20de%20al%208dd6d003fb964cfcb0b2299359adc96a.csv,../Escritorio%2048dc738f81a343219aa00799b025a0f9/CMMI%20v1%203%20ad665e9031ea40809ccccd8b766b6b9b/A%CC%81reas%20de%20Proceso%2073cb7340a7e3493ba7b8c80a2ac773ba/Medicio%CC%81n%20y%20Ana%CC%81lisis%20a20346de4ab7497d9b6418ed812c97ce.csv
2,"MA, SG1",Specify how measurement data will be analyzed and reported.,"https://docs.google.com/spreadsheets/d/1HZrmGn_cKk6wFRo-s0_ZsMpfMxow5rXOvBgHTPeQA0U/edit?usp=sharinghttps://www.notion.so/796befd2de26494f8e51c3aa1b7588da https://www.notion.so/767c833726a640c8a8a4421b347599c3 ","https://docs.google.com/spreadsheets/d/1HZrmGn_cKk6wFRo-s0_ZsMpfMxow5rXOvBgHTPeQA0U/edit#gid=27041093  Antiguos docs: https://docs.google.com/spreadsheets/d/1HZrmGn_cKk6wFRo-s0_ZsMpfMxow5rXOvBgHTPeQA0U/edit#gid=111647789 https://docs.google.com/spreadsheets/d/1HZrmGn_cKk6wFRo-s0_ZsMpfMxow5rXOvBgHTPeQA0U/edit#gid=268055298 ",https://docs.google.com/spreadsheets/d/12JDmCfbE0bqTtf2y8qr1qal6UvWUoREaz4KtkNTETKc/edit#gid=0," https://docs.google.com/spreadsheets/d/17-d-VE2ZQ87xzCLuOLehTACFnVJ8r_WS-Ro0cYArhnk/edit ",Yes,../Escritorio%2048dc738f81a343219aa00799b025a0f9/CMMI%20v1%203%20ad665e9031ea40809ccccd8b766b6b9b/Pra%CC%81cticas%20Especi%CC%81ficas%203e22172ab8ed4ff2b3612a605de70f12/Especificar%20los%20procedimientos%20de%20ana%CC%81lisis%20347bfd1427444f17962f6c84904d9584.csv,../Escritorio%2048dc738f81a343219aa00799b025a0f9/CMMI%20v1%203%20ad665e9031ea40809ccccd8b766b6b9b/A%CC%81reas%20de%20Proceso%2073cb7340a7e3493ba7b8c80a2ac773ba/Medicio%CC%81n%20y%20Ana%CC%81lisis%20a20346de4ab7497d9b6418ed812c97ce.csv
2,"MA, SG2",Obtain specified measurement data.,"https://docs.google.com/spreadsheets/d/1HZrmGn_cKk6wFRo-s0_ZsMpfMxow5rXOvBgHTPeQA0U/edit?usp=sharing
https://www.notion.so/767c833726a640c8a8a4421b347599c3 
https://www.notion.so/796befd2de26494f8e51c3aa1b7588da 
Proceso de lectura y reporte de SPI Y CPI","https://docs.google.com/spreadsheets/d/1HZrmGn_cKk6wFRo-s0_ZsMpfMxow5rXOvBgHTPeQA0U/edit#gid=27041093  Antiguos docs: https://docs.google.com/spreadsheets/d/1HZrmGn_cKk6wFRo-s0_ZsMpfMxow5rXOvBgHTPeQA0U/edit#gid=111647789 https://docs.google.com/spreadsheets/d/1HZrmGn_cKk6wFRo-s0_ZsMpfMxow5rXOvBgHTPeQA0U/edit#gid=268055298 ",https://docs.google.com/spreadsheets/d/12JDmCfbE0bqTtf2y8qr1qal6UvWUoREaz4KtkNTETKc/edit#gid=0," https://docs.google.com/spreadsheets/d/17-d-VE2ZQ87xzCLuOLehTACFnVJ8r_WS-Ro0cYArhnk/edit ",Yes,../Escritorio%2048dc738f81a343219aa00799b025a0f9/CMMI%20v1%203%20ad665e9031ea40809ccccd8b766b6b9b/Pra%CC%81cticas%20Especi%CC%81ficas%203e22172ab8ed4ff2b3612a605de70f12/Obtener%20los%20datos%20de%20la%20medicio%CC%81n%20fef8545a904145c3903f9ea07ec7b70c.csv,../Escritorio%2048dc738f81a343219aa00799b025a0f9/CMMI%20v1%203%20ad665e9031ea40809ccccd8b766b6b9b/A%CC%81reas%20de%20Proceso%2073cb7340a7e3493ba7b8c80a2ac773ba/Medicio%CC%81n%20y%20Ana%CC%81lisis%20a20346de4ab7497d9b6418ed812c97ce.csv
2,"MA, SG2",Analyze and interpret measurement data.,"https://docs.google.com/spreadsheets/d/1HZrmGn_cKk6wFRo-s0_ZsMpfMxow5rXOvBgHTPeQA0U/edit?usp=sharing
https://www.notion.so/796befd2de26494f8e51c3aa1b7588da 
Proceso de lectura y reporte de SPI Y CPI","https://docs.google.com/spreadsheets/d/1HZrmGn_cKk6wFRo-s0_ZsMpfMxow5rXOvBgHTPeQA0U/edit#gid=27041093  Antiguos docs: https://docs.google.com/spreadsheets/d/1HZrmGn_cKk6wFRo-s0_ZsMpfMxow5rXOvBgHTPeQA0U/edit#gid=111647789 https://docs.google.com/spreadsheets/d/1HZrmGn_cKk6wFRo-s0_ZsMpfMxow5rXOvBgHTPeQA0U/edit#gid=268055298 ",https://docs.google.com/spreadsheets/d/12JDmCfbE0bqTtf2y8qr1qal6UvWUoREaz4KtkNTETKc/edit#gid=0," https://docs.google.com/spreadsheets/d/17-d-VE2ZQ87xzCLuOLehTACFnVJ8r_WS-Ro0cYArhnk/edit ",Yes,../Escritorio%2048dc738f81a343219aa00799b025a0f9/CMMI%20v1%203%20ad665e9031ea40809ccccd8b766b6b9b/Pra%CC%81cticas%20Especi%CC%81ficas%203e22172ab8ed4ff2b3612a605de70f12/Analizar%20los%20datos%20de%20la%20medicio%CC%81n%209444d9f22b0f4f1f84cc002bb0d79f61.csv,../Escritorio%2048dc738f81a343219aa00799b025a0f9/CMMI%20v1%203%20ad665e9031ea40809ccccd8b766b6b9b/A%CC%81reas%20de%20Proceso%2073cb7340a7e3493ba7b8c80a2ac773ba/Medicio%CC%81n%20y%20Ana%CC%81lisis%20a20346de4ab7497d9b6418ed812c97ce.csv
2,"MA, SG2","Manage and store measurement data, measurement specifications, and analysis results.","mediciones, proceso para registrar medición de métrica, balanced score card (revisar)",,,,No,../Escritorio%2048dc738f81a343219aa00799b025a0f9/CMMI%20v1%203%20ad665e9031ea40809ccccd8b766b6b9b/Pra%CC%81cticas%20Especi%CC%81ficas%203e22172ab8ed4ff2b3612a605de70f12/Almacenar%20los%20datos%20y%20los%20resultados%20a8efb479c28b4f0bb3cb75650cd048a8.csv,../Escritorio%2048dc738f81a343219aa00799b025a0f9/CMMI%20v1%203%20ad665e9031ea40809ccccd8b766b6b9b/A%CC%81reas%20de%20Proceso%2073cb7340a7e3493ba7b8c80a2ac773ba/Medicio%CC%81n%20y%20Ana%CC%81lisis%20a20346de4ab7497d9b6418ed812c97ce.csv
2,"MA, SG2",Report results of measurement and analysis activities to all relevant stakeholders.,"https://www.notion.so/5370fc6b9a9348829f655a1a805de9e7 ",https://www.canva.com/design/DAFcp6Hi2Y4/G8RSmzPnrGx_GE89_7aLQA/edit?analyticsCorrelationId=6aca79e9-b3ad-42d8-a9c7-70aeb4887722,https://www.canva.com/design/DAFbcT9xpq8/BZVCN2cb67h-Vz-1CIwzdg/edit?utm_content=DAFbcT9xpq8&utm_campaign=designshare&utm_medium=link2&utm_source=sharebutton,https://docs.google.com/presentation/d/1SWa7zDEmM1Lw7VI-cadxkIwWSuoBI8isSaSier_y9Z8/edit#slide=id.g2110fd2619a_4_71 https://docs.google.com/presentation/d/1oE5Lx0Cwegi5W0w6lUQKQSMbjQOgf_jWOjs-epmXVbM/edit https://docs.google.com/presentation/d/1SgWwEHlR-8d6IHtXyDtvbrtRzPtklWEpF6j9LtcqG3Q/edit,Yes,../Escritorio%2048dc738f81a343219aa00799b025a0f9/CMMI%20v1%203%20ad665e9031ea40809ccccd8b766b6b9b/Pra%CC%81cticas%20Especi%CC%81ficas%203e22172ab8ed4ff2b3612a605de70f12/Comunicar%20los%20resultados%202f522ccee3c649c8901fd3040b946d72.csv,../Escritorio%2048dc738f81a343219aa00799b025a0f9/CMMI%20v1%203%20ad665e9031ea40809ccccd8b766b6b9b/A%CC%81reas%20de%20Proceso%2073cb7340a7e3493ba7b8c80a2ac773ba/Medicio%CC%81n%20y%20Ana%CC%81lisis%20a20346de4ab7497d9b6418ed812c97ce.csv
2,"PPQA, SG1","Objectively evaluate the designated performed processes against the applicable process descriptions, standards, and procedures.",,,,,No,../Escritorio%2048dc738f81a343219aa00799b025a0f9/CMMI%20v1%203%20ad665e9031ea40809ccccd8b766b6b9b/Pra%CC%81cticas%20Especi%CC%81ficas%203e22172ab8ed4ff2b3612a605de70f12/Evaluar%20objetivamente%20los%20procesos%20cd3a5b830fb14691bc4ea4363f98974f.csv,../Escritorio%2048dc738f81a343219aa00799b025a0f9/CMMI%20v1%203%20ad665e9031ea40809ccccd8b766b6b9b/A%CC%81reas%20de%20Proceso%2073cb7340a7e3493ba7b8c80a2ac773ba/Aseguramiento%20de%20la%20Calidad%20del%20Proceso%20y%20del%20Prod%20b70a2ad4a479438889e2e7857d54fce2.csv
2,"PPQA, SG1","Objectively evaluate the designated work products and services against the applicable process descriptions, standards, and procedures.","https://www.notion.so/9e75121b7a9447b5ad80c950f95462e7 ","https://www.notion.so/9e75121b7a9447b5ad80c950f95462e7 ",https://docs.google.com/document/d/13Ub3k908YH7pWSOpf6mqaAesZNet_VYGvESK7Xjj7uE/edit,https://docs.google.com/document/d/1for9WJCGxiAGmXcnop-6NIkSyVkmUZENAR2Eir5UMGE/edit#heading=h.4j3hgyfovkc9,Yes,../Escritorio%2048dc738f81a343219aa00799b025a0f9/CMMI%20v1%203%20ad665e9031ea40809ccccd8b766b6b9b/Pra%CC%81cticas%20Especi%CC%81ficas%203e22172ab8ed4ff2b3612a605de70f12/Evaluar%20objetivamente%20los%20productos%20de%20trabajo%2001914c4bec044e2e825242595befc1da.csv,../Escritorio%2048dc738f81a343219aa00799b025a0f9/CMMI%20v1%203%20ad665e9031ea40809ccccd8b766b6b9b/A%CC%81reas%20de%20Proceso%2073cb7340a7e3493ba7b8c80a2ac773ba/Aseguramiento%20de%20la%20Calidad%20del%20Proceso%20y%20del%20Prod%20b70a2ad4a479438889e2e7857d54fce2.csv
2,"PPQA, SG2",Communicate quality issues and ensure resolution of noncompliance issues with the staff and managers.,,,,,No,../Escritorio%2048dc738f81a343219aa00799b025a0f9/CMMI%20v1%203%20ad665e9031ea40809ccccd8b766b6b9b/Pra%CC%81cticas%20Especi%CC%81ficas%203e22172ab8ed4ff2b3612a605de70f12/Comunicar%20y%20resolver%20las%20no%20conformidades%201a93cdbdbf7847a8b7b337ce808a9961.csv,../Escritorio%2048dc738f81a343219aa00799b025a0f9/CMMI%20v1%203%20ad665e9031ea40809ccccd8b766b6b9b/A%CC%81reas%20de%20Proceso%2073cb7340a7e3493ba7b8c80a2ac773ba/Aseguramiento%20de%20la%20Calidad%20del%20Proceso%20y%20del%20Prod%20b70a2ad4a479438889e2e7857d54fce2.csv
2,"PPQA, SG2",Establish and maintain records of the quality assurance activities.,"https://www.notion.so/9e75121b7a9447b5ad80c950f95462e7 ","https://www.notion.so/9e75121b7a9447b5ad80c950f95462e7 ",https://docs.google.com/document/d/13Ub3k908YH7pWSOpf6mqaAesZNet_VYGvESK7Xjj7uE/edit,https://docs.google.com/document/d/1for9WJCGxiAGmXcnop-6NIkSyVkmUZENAR2Eir5UMGE/edit#heading=h.4j3hgyfovkc9,Yes,../Escritorio%2048dc738f81a343219aa00799b025a0f9/CMMI%20v1%203%20ad665e9031ea40809ccccd8b766b6b9b/Pra%CC%81cticas%20Especi%CC%81ficas%203e22172ab8ed4ff2b3612a605de70f12/Establecer%20los%20registros%208d3ce9cc24c848dc98f3e1501b2535d6.csv,../Escritorio%2048dc738f81a343219aa00799b025a0f9/CMMI%20v1%203%20ad665e9031ea40809ccccd8b766b6b9b/A%CC%81reas%20de%20Proceso%2073cb7340a7e3493ba7b8c80a2ac773ba/Aseguramiento%20de%20la%20Calidad%20del%20Proceso%20y%20del%20Prod%20b70a2ad4a479438889e2e7857d54fce2.csv
2,"CM, SG1","Identify the configuration items, components, and related work products that will be placed under configuration management.","https://www.notion.so/d473a3e248e64c4f8d8bd9d36c520d08 ","https://www.notion.so/97cd5526070c4c4aaa931c06e02b08d9 ",,,No,../Escritorio%2048dc738f81a343219aa00799b025a0f9/CMMI%20v1%203%20ad665e9031ea40809ccccd8b766b6b9b/Pra%CC%81cticas%20Especi%CC%81ficas%203e22172ab8ed4ff2b3612a605de70f12/Identificar%20los%20elementos%20de%20configuracio%CC%81n%204635dbea72704735919fcf580e728c33.csv,../Escritorio%2048dc738f81a343219aa00799b025a0f9/CMMI%20v1%203%20ad665e9031ea40809ccccd8b766b6b9b/A%CC%81reas%20de%20Proceso%2073cb7340a7e3493ba7b8c80a2ac773ba/Gestio%CC%81n%20de%20Configuracio%CC%81n%20499615b0e10f48b28021c1595603e9fd.csv
2,"CM, SG1",Establish and maintain a configuration management and change management system for controlling work products.,"https://www.notion.so/8d24822f55034276831ccfef9f324c9b https://www.notion.so/d473a3e248e64c4f8d8bd9d36c520d08 ",https://www.notion.so/453aaac6eba140d19ae5aa2767c9ae8e (Template de experimento)         https://www.notion.so/32593f493cab4b15aa2ca5f91ac05c81 (Template de proceso)                                       https://www.notion.so/295eeb41f39c4a65ab0e62ffa46012ac (Template de guía)                    https://www.notion.so/bd84c96bdd89474c886b414bb1d4d9ed (Template de producto de trabajo),En cada PT Deltram https://www.notion.so/97cd5526070c4c4aaa931c06e02b08d9  se ve la tabla de cambios,En cada PT Deltalin https://www.notion.so/97cd5526070c4c4aaa931c06e02b08d9 se ve la tabla de cambios,Yes,../Escritorio%2048dc738f81a343219aa00799b025a0f9/CMMI%20v1%203%20ad665e9031ea40809ccccd8b766b6b9b/Pra%CC%81cticas%20Especi%CC%81ficas%203e22172ab8ed4ff2b3612a605de70f12/Establecer%20un%20sistema%20de%20gestio%CC%81n%20de%20configuracio%CC%81%206f8cb123a7164a40897a29e36fbdda78.csv,../Escritorio%2048dc738f81a343219aa00799b025a0f9/CMMI%20v1%203%20ad665e9031ea40809ccccd8b766b6b9b/A%CC%81reas%20de%20Proceso%2073cb7340a7e3493ba7b8c80a2ac773ba/Gestio%CC%81n%20de%20Configuracio%CC%81n%20499615b0e10f48b28021c1595603e9fd.csv
2,"CM, SG1",Create or release baselines for internal use and for delivery to the customer.,"https://www.notion.so/d473a3e248e64c4f8d8bd9d36c520d08 ",https://www.notion.so/453aaac6eba140d19ae5aa2767c9ae8e (Template de experimento)         https://www.notion.so/32593f493cab4b15aa2ca5f91ac05c81 (Template de proceso)                                       https://www.notion.so/295eeb41f39c4a65ab0e62ffa46012ac (Template de guía)                    https://www.notion.so/bd84c96bdd89474c886b414bb1d4d9ed (Template de producto de trabajo),En cada PT Deltram https://www.notion.so/97cd5526070c4c4aaa931c06e02b08d9  se ve la tabla de cambios,En cada PT Deltalin https://www.notion.so/97cd5526070c4c4aaa931c06e02b08d9 se ve la tabla de cambios,No,../Escritorio%2048dc738f81a343219aa00799b025a0f9/CMMI%20v1%203%20ad665e9031ea40809ccccd8b766b6b9b/Pra%CC%81cticas%20Especi%CC%81ficas%203e22172ab8ed4ff2b3612a605de70f12/Crear%20o%20liberar%20las%20li%CC%81neas%20base%205d530ee7e9e3407d8f28e1750cee659b.csv,../Escritorio%2048dc738f81a343219aa00799b025a0f9/CMMI%20v1%203%20ad665e9031ea40809ccccd8b766b6b9b/A%CC%81reas%20de%20Proceso%2073cb7340a7e3493ba7b8c80a2ac773ba/Gestio%CC%81n%20de%20Configuracio%CC%81n%20499615b0e10f48b28021c1595603e9fd.csv
2,"CM, SG2",Changes to the work products under configuration management are tracked and controlled.,"https://www.notion.so/d473a3e248e64c4f8d8bd9d36c520d08 ",https://www.notion.so/453aaac6eba140d19ae5aa2767c9ae8e (Template de experimento)         https://www.notion.so/32593f493cab4b15aa2ca5f91ac05c81 (Template de proceso)                                       https://www.notion.so/295eeb41f39c4a65ab0e62ffa46012ac (Template de guía)                    https://www.notion.so/bd84c96bdd89474c886b414bb1d4d9ed (Template de producto de trabajo),En cada PT Deltram https://www.notion.so/97cd5526070c4c4aaa931c06e02b08d9  se ve la tabla de cambios,En cada PT Deltalin https://www.notion.so/97cd5526070c4c4aaa931c06e02b08d9 se ve la tabla de cambios,Yes,../Escritorio%2048dc738f81a343219aa00799b025a0f9/CMMI%20v1%203%20ad665e9031ea40809ccccd8b766b6b9b/Pra%CC%81cticas%20Especi%CC%81ficas%203e22172ab8ed4ff2b3612a605de70f12/Seguir%20las%20peticiones%20de%20cambio%20e9b9ef6d7fe24e4e9ab538ce77d4c9dd.csv,../Escritorio%2048dc738f81a343219aa00799b025a0f9/CMMI%20v1%203%20ad665e9031ea40809ccccd8b766b6b9b/A%CC%81reas%20de%20Proceso%2073cb7340a7e3493ba7b8c80a2ac773ba/Gestio%CC%81n%20de%20Configuracio%CC%81n%20499615b0e10f48b28021c1595603e9fd.csv
2,"CM, SG2",Control changes to the configuration items.,"https://www.notion.so/d473a3e248e64c4f8d8bd9d36c520d08 ",https://www.notion.so/453aaac6eba140d19ae5aa2767c9ae8e (Template de experimento)         https://www.notion.so/32593f493cab4b15aa2ca5f91ac05c81 (Template de proceso)                                       https://www.notion.so/295eeb41f39c4a65ab0e62ffa46012ac (Template de guía)                    https://www.notion.so/bd84c96bdd89474c886b414bb1d4d9ed (Template de producto de trabajo),En cada PT Deltram https://www.notion.so/97cd5526070c4c4aaa931c06e02b08d9  se ve la tabla de cambios,En cada PT Deltalin https://www.notion.so/97cd5526070c4c4aaa931c06e02b08d9 se ve la tabla de cambios,Yes,../Escritorio%2048dc738f81a343219aa00799b025a0f9/CMMI%20v1%203%20ad665e9031ea40809ccccd8b766b6b9b/Pra%CC%81cticas%20Especi%CC%81ficas%203e22172ab8ed4ff2b3612a605de70f12/Controlar%20los%20elementos%20de%20configuracio%CC%81n%20b0131bbcd1594bd48ce82f161fbbc534.csv,../Escritorio%2048dc738f81a343219aa00799b025a0f9/CMMI%20v1%203%20ad665e9031ea40809ccccd8b766b6b9b/A%CC%81reas%20de%20Proceso%2073cb7340a7e3493ba7b8c80a2ac773ba/Gestio%CC%81n%20de%20Configuracio%CC%81n%20499615b0e10f48b28021c1595603e9fd.csv
2,"CM, SG3",Establish and maintain records describing configuration items.,,,,,No,../Escritorio%2048dc738f81a343219aa00799b025a0f9/CMMI%20v1%203%20ad665e9031ea40809ccccd8b766b6b9b/Pra%CC%81cticas%20Especi%CC%81ficas%203e22172ab8ed4ff2b3612a605de70f12/Establecer%20los%20registros%20de%20gestio%CC%81n%20de%20configurac%20f9b4fb68122342b69d880b1f3b3b3369.csv,../Escritorio%2048dc738f81a343219aa00799b025a0f9/CMMI%20v1%203%20ad665e9031ea40809ccccd8b766b6b9b/A%CC%81reas%20de%20Proceso%2073cb7340a7e3493ba7b8c80a2ac773ba/Gestio%CC%81n%20de%20Configuracio%CC%81n%20499615b0e10f48b28021c1595603e9fd.csv
2,"CM, SG3",Perform configuration audits to maintain integrity of the configuration baselines.,,,,,No,../Escritorio%2048dc738f81a343219aa00799b025a0f9/CMMI%20v1%203%20ad665e9031ea40809ccccd8b766b6b9b/Pra%CC%81cticas%20Especi%CC%81ficas%203e22172ab8ed4ff2b3612a605de70f12/Realizar%20auditori%CC%81as%20de%20configuracio%CC%81n%202afef92fe4a0485b99f1a6c7ab6972a4.csv,../Escritorio%2048dc738f81a343219aa00799b025a0f9/CMMI%20v1%203%20ad665e9031ea40809ccccd8b766b6b9b/A%CC%81reas%20de%20Proceso%2073cb7340a7e3493ba7b8c80a2ac773ba/Gestio%CC%81n%20de%20Configuracio%CC%81n%20499615b0e10f48b28021c1595603e9fd.csv
3,"RD, SG1","Elicit stakeholder needs, expectations, constraints, and interfaces for all phases of the product life cycle.",,,,,Yes,,
3,"RD, SG1","Transform stakeholder needs, expectations, constraints, and interfaces into customer requirements.",,,,,Yes,,
3,"RD, SG2","Establish and maintain product and product-component requirements, which are based on the customer requirements.",,,,,Yes,,
3,"RD, SG2",Allocate the requirements for each product component.,,,,,Yes,,
3,"RD, SG2",Identify interface requirements.,,,,,Yes,,
3,"RD, SG3",Establish and maintain operational concepts and associated scenarios.,,,,,No,,
3,"RD, SG3",Establish and maintain a definition of required functionality.,,,,,Yes,,
3,"RD, SG3",Analyze requirements to ensure that they are necessary and sufficient.,,,,,No,,
3,"RD, SG3",Analyze requirements to balance stakeholder needs and constraints.,,,,,No,,
3,"RD, SG3",Validate requirements to ensure the resulting product will perform as intended in the user's environment using multiple techniques as appropriate.,,,,,Yes,,
3,"SG1, TS",Develop detailed alternative solutions and selection criteria.,,,,,No,,
3,"SG1, TS","Evolve the operational concept, scenarios, and environments to describe the conditions, operating modes, and operating states specific to each product component.",,,,,No,,
3,"SG1, TS",Select the product-component solutions that best satisfy the criteria established.,,,,,No,,
3,"SG2, TS",Develop a design for the product or product component.,,,,,Yes,,
3,"SG2, TS",Establish and maintain a technical data package.,,,,,No,,
3,"SG2, TS",Design comprehensive product-component interfaces in terms of established and maintained criteria.,,,,,No,,
3,"SG2, TS","Evaluate whether the product components should be developed, purchased, or reused based on established criteria.",,,,,No,,
3,"SG3, TS",Implement the designs of the product components.,,,,,No,,
3,"SG3, TS",Develop and maintain the end-use documentation.,,,,,No,,
3,"PI, SG1",Determine the product-component integration sequence.,,,,,Yes,,
3,"PI, SG1",Establish and maintain the environment needed to support the integration of the product components.,,,,,No,,
3,"PI, SG1",Establish and maintain procedures and criteria for integration of the product components.,,,,,No,,
3,"PI, SG2",Review interface descriptions for coverage and completeness.,,,,,No,,
3,"PI, SG2","Manage internal and external interface definitions, designs, and changes for products and product components.",,,,,No,,
3,"PI, SG3","Confirm, prior to assembly, that each product component required to assemble the product has been properly identified, functions according to its description, and that the product-component interfaces comply with the interface descriptions.",,,,,No,,
3,"PI, SG3",Assemble product components according to the product integration sequence and available procedures.,,,,,No,,
3,"PI, SG3",Evaluate assembled product components for interface compatibility.,,,,,No,,
3,"PI, SG3",Package the assembled product or product component and deliver it to the appropriate customer.,,,,,No,,
3,"SG1, VER",Select the work products to be verified and the verification methods that will be used for each.,,,,,No,,
3,"SG1, VER",Establish and maintain the environment needed to support verification.,,,,,No,,
3,"SG1, VER",Establish and maintain verification procedures and criteria for the selected work products.,,,,,No,,
3,"SG2, VER",Prepare for peer reviews of selected work products.,,,,,No,,
3,"SG2, VER",Conduct peer reviews on selected work products and identify issues resulting from the peer review.,,,,,No,,
3,"SG2, VER","Analyze data about preparation, conduct, and results of the peer reviews.",,,,,No,,
3,"SG3, VER",Perform verification on the selected work products.,,,,,No,,
3,"SG3, VER",Analyze the results of all verification activities and identify corrective action.,,,,,No,,
3,"SG1, VAL",Select products and product components to be validated and the validation methods that will be used for each.,,,,,No,,
3,"SG1, VAL",Establish and maintain the environment needed to support validation.,,,,,No,,
3,"SG1, VAL",Establish and maintain procedures and criteria for validation.,,,,,No,,
3,"SG2, VAL",Perform validation on the selected products and product components.,,,,,No,,
3,"SG2, VAL",Analyze the results of the validation activities and identify issues.,,,,,No,,
3,"OPF, SG1",Establish and maintain the description of the process needs and objectives for the organization.,,,,,No,,
3,"OPF, SG1",Appraise the processes of the organization periodically and as needed to maintain an understanding of their strengths and weaknesses.,,,,,No,,
3,"OPF, SG1",Identify improvements to the organization's processes and process assets.,,,,,No,,
3,"OPF, SG2",Establish and maintain process action plans to address improvements to the organization's processes and process assets.,,,,,No,,
3,"OPF, SG2",Implement process action plans.,,,,,No,,
3,"OPF, SG3",Deploy organizational process assets across the organization.,,,,,No,,
3,"OPF, SG3",Deploy the organization’s set of standard processes to projects at their startup and deploy changes to them as appropriate throughout the life of each project,,,,,No,,
3,"OPF, SG3",Monitor the implementation of the organization’s set of standard processes and use of process assets on all projects,,,,,No,,
3,"OPF, SG3","Incorporate process-related work products, measures, and improvement information derived from planning and performing the process into the organizational process assets",,,,,No,,
3,"OPD, SG1",Establish and maintain the organization's set of standard processes.,,,,,No,,
3,"OPD, SG1",Establish and maintain descriptions of the life-cycle models approved for use in the organization.,,,,,No,,
3,"OPD, SG1",Establish and maintain the tailoring criteria and guidelines for the organization's set of standard processes.,,,,,No,,
3,"OPD, SG1",Establish and maintain the organization’s measurement repository.,,,,,No,,
3,"OPD, SG1",Establish and maintain the organization's process asset library.,,,,,No,,
3,"OPD, SG1",Establish and maintain work environment standards,,,,,No,,
3,"OT, SG1",Establish and maintain the strategic training needs of the organization.,,,,,No,,
3,"OT, SG1",Determine which training needs are the responsibility of the organization and which will be left to the individual project or support group,,,,,No,,
3,"OT, SG1",Establish and maintain an organizational training tactical plan.,,,,,No,,
3,"OT, SG1",Establish and maintain training capability to address organizational training needs.,,,,,No,,
3,"OT, SG2",Deliver the training following the organizational training tactical plan.,,,,,No,,
3,"OT, SG2",Establish and maintain records of the organizational training.,,,,,No,,
3,"OT, SG2",Assess the effectiveness of the organization’s training program.,,,,,No,,
3,"IPM, SG1",Establish and maintain the project's defined process.,,,,,No,,
3,"IPM, SG1",Use the organizational process assets and measurement repository for estimating and planning the project’s activities.,,,,,No,,
3,"IPM, SG1",Establish the Project's Work Environment,,,,,No,,
3,"IPM, SG1",Integrate the project plan and the other plans that affect the project to describe the project’s defined process.,,,,,No,,
3,"IPM, SG1","Manage the project using the project plan, the other plans that affect the project, and the project’s defined process.",,,,,No,,
3,"IPM, SG1","Contribute work products, measures, and documented experiences to the organizational process assets.",,,,,No,,
3,"IPM, SG2",Manage the involvement of the relevant stakeholders in the project.,,,,,No,,
3,"IPM, SG2","Participate with relevant stakeholders to identify, negotiate, and track critical dependencies.",,,,,No,,
3,"IPM, SG2",Resolve issues with relevant stakeholders.,,,,,No,,
3,"IPM, SG3","Identify expectations, constraints, interfaces, and operational conditions applicable to the project’s shared vision.",,,,,No,,
3,"IPM, SG3",Establish and maintain a shared vision for the project.,,,,,No,,
3,"IPM, SG4",Determine the integrated team structure that will best meet the project objectives and constraints.,,,,,No,,
3,"IPM, SG4","Develop a preliminary distribution of requirements, responsibilities, authorities, tasks, and interfaces to teams in the selected integrated team structure.",,,,,No,,
3,"IPM, SG4",Establish and maintain teams in the integrated team structure.,,,,,No,,
3,"RSKM, SG1",Determine risk sources and categories.,,,,,No,,
3,"RSKM, SG1","Define the parameters used to analyze and categorize risks, and the parameters used to control the risk management effort.",,,,,No,,
3,"RSKM, SG1",Establish and maintain the strategy to be used for risk management.,,,,,No,,
3,"RSKM, SG2",Identify and document the risks.,,,,,No,,
3,"RSKM, SG2","Evaluate and categorize each identified risk using the defined risk categories and parameters, and determine its relative priority.",,,,,No,,
3,"RSKM, SG3","Develop a risk mitigation plan for the most important risks to the project, as defined by the risk management strategy.",,,,,No,,
3,"RSKM, SG3",Monitor the status of each risk periodically and implement the risk mitigation plan as appropriate.,,,,,No,,
3,"DAR, SG1",Establish and maintain guidelines to determine which issues are subject to a formal evaluation process.,,,,,No,,
3,"DAR, SG1","Establish and maintain the criteria for evaluating alternatives, and the relative ranking of these criteria.",,,,,No,,
3,"DAR, SG1",Identify alternative solutions to address issues.,,,,,No,,
3,"DAR, SG1",Select the evaluation methods.,,,,,No,,
3,"DAR, SG1",Evaluate alternative solutions using the established criteria and methods.,,,,,No,,
3,"DAR, SG1",Select solutions from the alternatives based on the evaluation criteria.,,,,,No,,