﻿Name,Rol,Periodo,Objetivo
Mónica Andrea Ayala Marrero,Program Manager,Primer periodo,"Objetivos%20ca403ee2eb314396bf5c7b55aaaf9383/Alcanzar%20un%20nivel%202%20de%20madurez%20del%20CMMI%205a5e6ca4ccf344499893ba968179e4c2.csv, Objetivos%20ca403ee2eb314396bf5c7b55aaaf9383/Alcanzar%20minimo%20nivel%20Jedi%20en%20las%20competencias%20del%20a2f082904e7c4ed4bfae6535125a8b88.csv"
Olivia Araceli Morales Quezada,Program Manager,Primer periodo,
Arisbeth Aguirre Pontaza,Product Owner,Primer periodo,
Rodrigo Muñoz Guerrero,Product Owner,Primer periodo,
Emiliano Vásquez Olea,Architecture Owner,Primer periodo,
Ian Paulo García Gonzáles,Architecture Owner,Primer periodo,
Jorge Guerrero Díaz,Team Leader,Primer periodo,
Jordana Betancourt Menchaca,Team Leader,Primer periodo,