﻿ID,Name,Tags,Autor,Date
1,Cómo HACER las tablas y las graficas para el cálculo del SPI y CPI,"CPI, Monitorización, SPI",Diego Emilio Barrera Hernández,"March 1, 2023"
2,Cómo llenar los requisitos funcionales en formato de Historia de Usuario,Requisitos,Monica Ayala,"March 1, 2023"
3,Cómo utilizar el proceso de gestión de productos de trabajo del departamento si no he usado Notion,Documentación,,
4,Como LLENAR y LEER las tablas y las graficas para el cálculo del SPI y CPI,"CPI, Monitorización, SPI",Diego Emilio Barrera Hernández,"March 2, 2023"
5,Guía para control de riesgos,"Documentación, Riesgos","Fermín Méndez García, Erick Alfredo García Huerta","March 3, 2023"
6,Cómo ajustar las estimaciones del calendario,"CPI, Monitorización, SPI, TODO",Diego Emilio Barrera Hernández,"March 5, 2023"