﻿Número,Nombre,Descripción,Tags,Tipo
1,Política de acuerdo con procesos y objetivos del departamento,"Como miembro del departamento, existe un compromiso con los objetivos.

Toda actividad, acción, propuesta, diálogo, interacción con los sistemas del departamento y otros miembros, deberá regirse por las políticas y procesos del departamento.",,Convivencia
2,Política de puntualidad y respeto de tiempos,"Como miembro del departamento existe la responsabilidad individuald de llegar a tiempo a las juntas y reuniones acordadas. El tiempo de reunión establecido debe de respetarse, es decir, no ser ni menos ni más. Esto es solo permisible si todos los reunidos deciden lo contrario.",,Convivencia
3,Política de comunicación en caso de imprevisto,"Como miembro del departamento en caso de faltar a una reunión, responsabilidad o tener un impedimento notificarlo por los canales de comunicación (WhatsApp, Discord)",,Convivencia
4,Política de respeto y silencio en reuniones y clases,"Como miembro del departamento no debo de interrumpir o interferir mientras alguien tenga la palabra en una reunión o mientras los profesores esten impartiendo clase. No prohiben conversaciones cortas, sin embargo es necesario ser prudente al tenerlas.",,Convivencia
5,Política de Integración como Departamento,"Como miembro de un proyecto particular del departamento, hay un compromiso a estar integrados con todo el departamento Delta. Es decir, el departamento Delta es un departamento unido, no dos equipos completamente separados. Todos somos compañeros y una misma red de apoyo.",,Convivencia
6,Política de reuniones de integración,"Como miembro del departamento existe el compromiso a tener al menos una reunión de integración al mes. Es decir, un día de jugar juegos, comer pizza, salir a una plaza, ir a una fiesta, etcétera.",,Convivencia
7,Política de forma de trabajo con el Calendario de Planeación,"Como miembro del departamento me comprometo a revisar diariamente el avance de mi proyecto en el calendario de planeación, actualizarlo de ser necesario y comprender mi responsabilidad con las tareas que se me sean asignadas.",,Plan departamental
8,Política de reuniones departamentales,"Como miembro de equipo se espera que asistas semanalmente a las reuniones departamentales planeadas. El acuerdo departamental es que mínimamente se realizará una por semana el viernes, esto con la finalidad de hacer la retrospectiva semanal.",,Plan departamental
9,Política de enfoque de aprendizaje del semestre.,"Como miembro del departamento reconozco el hecho de que nos encontramos en una experiencia de aprendizaje, por lo que se espera comprensión y acompañamiento los unos de los otros, así como respeto por nuestras iniciativas e intereses a lo largo del semestre.",,Valores
10,Política de comprensión y extensión de ayuda hacia los miembros de Delta.,"Como miembro de equipo, reconozco que de contar con conocimientos sobre las distintas tecnologías, debo compartirlos con mis compañeros con amabilidad, comprensión y respeto.",,Responsabilidad
11,Política de honestidad y petición de ayuda,"Como miembro de equipo reconozco que en caso de necesitar apoyo con mis actividades, se espera que las comunique adecuadamente ya sea con profesores, miembros de la comunidad de apoyo o colegas.",,Responsabilidad
12,Política del reconocimiento de roles y no puestos.,"Como miembro del departamento, reconozco los roles de los distintos miembros de los equipos y que cada miembro de Delta tiene distinta responsabilidad. Sin embargo, estos son cambiantes a lo largo del semestre y no implican una jerarquía, todos somos pares. ",,Convivencia
13,Política de responsabilidad con el proyecto,"Como miembro del equipo, en caso de que mis actividades dejan de aportar al proyecto, tengo la responsabilidad de buscar nuevas actividades de valor y comunicarme con mi equipo.",,Responsabilidad
14,Política de apego con los códigos de ética y conducta.,"Como miembro del departamento, me comprometo a actuar en acorde con el Código de Ética y Código de Conducta. En caso de observar una interacción dónde los valores de la organización sean incumplidos, dirigirse con el Comité de Ética.",,Valores
,,,,