﻿Número,Nombre,Propósito,Guias,Tags
1,"Proceso para la definición de experimentos ",Tener una forma organizada de seleccionar aquellas practicas que generen resultados en nuestra forma de trabajo como departamento.,,"Documentación, Experimentos"
2,Proceso para la formalización de acuerdos,,,"Documentación, WIP"
3,Proceso para llevar las minutas,"Llevar un registro de temas vistos en clases y reuniones. Poder revisar con facilidad los temas tratados, acuerdos a los que llegamos y quienes participaron en las discusiones.",,"Documentación, Migración a experimento"
4,Proceso para generar la planeación semanal,"Tener un backlog de tasks a realizar para cada proyecto en el que se pueda estimar tiempo y esfuerzo, se pueda representar de manera gráfica dicho esfuerzo, se asignen las tareas y se mida el progreso semanal.",,"Monitorización, Todo"
5,Proceso para la gestión de productos de trabajo del departamento,"Obtener una organización, gestión, monitorización y control, en la creación, edición y utilización de todos productos de trabajo del departamento.",https://www.notion.so/8b83d92e64b54e9da1d705049b1d26ac,"Documentación, Productos, Todo, WIP"
6,Proceso para la trazabilidad de las historias de usuario,"Tener un documento donde se concentre toda la información referente a los requerimientos funcionales, en donde se pueda saber y actualizar el estado actual del requerimiento.","https://www.notion.so/638cc52e59414835b4bfce35adfa651c ","Documentación, Monitorización, Requerimientos"
7,"Proceso para la creación de métricas SPI y CPI, en el calendario","Medir el costo, tiempo y alcance de los tres proyectos de forma sencilla y así tomar decisiones tanto en los equipos de trabajo, como en el departamento.","https://www.notion.so/796befd2de26494f8e51c3aa1b7588da 
https://www.notion.so/d14a21a34f6749d292e3e3d6cc78e358 ","CPI, Monitorización, SPI"
8,Proceso de lectura y reporte de SPI Y CPI,,,
10,Proceso para la gestión de cambios,,,