﻿Etapa,Actividades,CMMI
Análisis,"Teniendo en mente el objetivo/milestone que le corresponde al departamento o proyecto alcanzar, pensar en que actividades se necesitan para llegar a la meta. Discutir con las personas involucradas.",
Documentación,"Llenar la lista de tasks de la semana correspondiente, asegurarse de seguir el formato de calendario https://docs.google.com/spreadsheets/d/1HZrmGn_cKk6wFRo-s0_ZsMpfMxow5rXOvBgHTPeQA0U/edit#gid=27041093.",
Revisión,Asegurarse que las formulas no se hayan perdido con la nueva planeación y el Sheets funcione apropiadamente.,
,Revisar faltas de ortografía,
Validación,"Consultar con los Team Leads, POs e incluso otros miembros. Esto para saber si la carga de trabajo es muy poca o demasiada, si agregarían o eliminarían algún elemento.",
Monitorización,"A lo largo de la semana revisar que la planeación sea adecuada comparandola al objetivo que se quiere llevar. Pasado el tiempo, ver si se cumplió el objetivo y que áreas de oportunidad hubieron en la planeación.",