﻿Etapa,Actividades,CMMI,Subpractica
Evaluación constante,Identificar un objetivo o tarea del proyecto y escribirlas en https://docs.google.com/spreadsheets/d/1HZrmGn_cKk6wFRo-s0_ZsMpfMxow5rXOvBgHTPeQA0U/edit#gid=27041093.,"MA, PP","PP 1.2
MA "
Evaluación constante,Definir los asignados necesarios por cada task.,"MA, PP",PP 1.2
Evaluación constante,"A partir de las personas asignadas, definir la cantidad  de Agile Points de la task en forma de serie Fibonacci.
Esta definición deberá basarse en las siguientes preguntas:
1. ¿Qué tanto esfuerzo necesitamos?
2. ¿Qué tanto tiempo necesitamos?
3. ¿Qué tan complejo será?
4. ¿Qué tanto riesgo tendrá?","MA, PP",PP 1.2
Evaluación constante,"Segun los Agile Points y las previas estimaciones, definir el costo de tiempo (horas) que tendrá la task.","MA, PP",PP 1.2
Evaluación constante,Dependiendo los Agile Points y el costo definir una fecha objetivo para la finalización de la task.,"MA, PP",PP 1.2
Evaluación constante,"Especificar el progreso que se lleva de la task, puede ser: Upcoming, Progress, Review ó Complete.","MA, PP",PP 1.2