﻿Etapa,Actividades,CMMI
Resumen,El team leader hace un resumen de las tareas realizadas a lo largo de la semana.,
Clasificación,Los miembros del equipo clasifican las tareas y prácticas de la semana de acuerdo al éxito que tuvieron,
Retroalimentación,"Todos los miembros del equipo, uno por uno, comparten sus perspectivas individuales de lo realizado en la semana ",
Creación de Acuerdos,"Los miembros del equipo crean, reafirman o actualizan sus acuerdos de trabajo.",
Documentación,Se documentan los aciertos y errores que fueron identificados por el equipo y también los acuerdos generados en la reunión,PMC