﻿Name,Tags,Created by,Last edited by,URL
TailwindCSS,"Technology, Todo",Kenny Eduard Vercaemer González,Alejandro Mtz. Luna,https://tailwindcss.com/docs/installation
ReactJS,"Technology, Todo",Kenny Eduard Vercaemer González,Alejandro Mtz. Luna,https://reactjs.org/docs/getting-started.html
NestJS,"Technology, Todo",Kenny Eduard Vercaemer González,Alejandro Mtz. Luna,https://docs.nestjs.com/
RecoilJS,"Technology, Todo",Kenny Eduard Vercaemer González,Alejandro Mtz. Luna,https://recoiljs.org/docs/introduction/installation
PMBOK,Todo,Kenny Eduard Vercaemer González,Fermín Méndez García,
Biblioteca,"References, Todo",Monica Ayala,Alejandro Mtz. Luna,https://drive.google.com/drive/u/1/folders/1nGGbCq0DbBdJRbzDg62MLwfHuSSplftj
All About Interface Requirements,,Kenny Eduard Vercaemer González,Kenny Eduard Vercaemer González,https://reqexperts.com/wp-content/uploads/2016/04/Wheatcraft-Interfaces-061511.pdf
Knowledge Base sobre los Roles,Todo,Monica Ayala,Ana Karen López Baltazar,