﻿Etapa,Actividades,CMMI,Subpractica
Propuesta,"Se agrega la practica en la sección de https://www.notion.so/4a666a1e3fd04934b668d7dc2ddada52.
- Se comunica con los interesados y se toma la decisión [link guía toma de decisiones o preguntas clave] de llevarlo a cabo.",,
Ejecución,Se pone en practica el experimento en el periodo establecido.,,
Evaluación,[Reunión o ceremonia] Se analizan los resultados y sensaciones obtenidos para determinar si se descarta o se institucionaliza el experimento.,,
Monitorización,"Después de notificar a todos los miembros del departamento del nuevo elemento y que este sea institucionalizado, se debe de monitorear el cumplimiento de la practica. Se pueden usar métricas de ser aplicable.",PMC,
Mejora*,"Revisar el practica constantemente y cómo esta es útil para el Departamento, de ser necesario, comenzar una petición de cambio y registrarla en el historial de cambios.",CM,